keyword,title,price,rating,reviews,platform,position,delivery,discount,brand,visibility_score,price_range
office chair ergonomic,Hp Office Chair Ergonomic Model 603,36225.0,3.7,3241.0,Croma,,2 Days,,Hp,,Premium
microwave oven convection,Dell Microwave Oven Convection Model 877,2507.0,4.7,3446.0,Flipkart,,Unknown,,Dell,,Budget
men running shoes,Dell Men Running Shoes Model 536,2176.0,3.8,2031.0,Croma,,5 Days,,Dell,,Budget
power bank fast charging,Samsung Power Bank Fast Charging Model 562,5331.0,,4124.0,Reliance Digital,,5 Days,,Samsung,,Mid-Range
office chair ergonomic,Philips Office Chair Ergonomic Model 836,4564.0,3.0,1540.0,Amazon,,Free Delivery,,Philips,,Budget
microwave oven convection,Boat Microwave Oven Convection Model 588,21830.0,4.0,126.0,Croma,,Free Delivery,,Boat,,Premium
office chair ergonomic,Puma Office Chair Ergonomic Model 591,19233.0,4.6,3911.0,Reliance Digital,,5 Days,,Puma,,Mid-Range
men running shoes,Boat Men Running Shoes Model 859,20381.0,,684.0,Amazon,,2 Days,,Boat,,Premium
office chair ergonomic,Puma Office Chair Ergonomic Model 417,8744.0,4.9,3832.0,Croma,,2 Days,,Puma,,Mid-Range
power bank fast charging,Dell Power Bank Fast Charging Model 575,190200.0,4.5,4367.0,Croma,,Free Delivery,,Dell,,Luxury
power bank fast charging,Sony Power Bank Fast Charging Model 896,5150.0,5.0,2220.0,Croma,,2 Days,,Sony,,Mid-Range
air fryer india,Philips Air Fryer India Model 339,45304.0,2.7,1761.0,Reliance Digital,,2 Days,,Philips,,Premium
men running shoes,Philips Men Running Shoes Model 418,9160.0,3.7,2887.0,Amazon,,5 Days,,Philips,,Mid-Range
power bank fast charging,Lg Power Bank Fast Charging Model 382,10945.0,2.9,3032.0,Amazon,,Free Delivery,,Lg,,Mid-Range
microwave oven convection,Hp Microwave Oven Convection Model 409,17931.0,2.9,4166.0,Amazon,,2 Days,,Hp,,Mid-Range
office chair ergonomic,Puma Office Chair Ergonomic Model 198,15160.0,3.2,1275.0,Flipkart,,2 Days,,Puma,,Mid-Range
air fryer india,Sony Air Fryer India Model 266,45361.0,3.1,2934.0,Croma,,5 Days,,Sony,,Premium
power bank fast charging,Puma Power Bank Fast Charging Model 621,48199.0,,203.0,Amazon,,2 Days,,Puma,,Premium
men running shoes,Nike Men Running Shoes Model 602,22310.0,3.8,255.0,Croma,,5 Days,,Nike,,Premium
microwave oven convection,Lg Microwave Oven Convection Model 351,31911.0,4.4,2073.0,Reliance Digital,,2 Days,,Lg,,Premium
office chair ergonomic,Nike Office Chair Ergonomic Model 173,33852.0,4.4,3965.0,Amazon,,2 Days,,Nike,,Premium
men running shoes,Hp Men Running Shoes Model 796,16321.0,4.8,4474.0,Flipkart,,5 Days,,Hp,,Mid-Range
power bank fast charging,Puma Power Bank Fast Charging Model 343,889.0,4.9,3557.0,Reliance Digital,,5 Days,,Puma,,Budget
microwave oven convection,Nike Microwave Oven Convection Model 438,1670.0,3.9,1982.0,Amazon,,2 Days,,Nike,,Budget
office chair ergonomic,Sony Office Chair Ergonomic Model 955,28760.0,3.6,2169.0,Flipkart,,2 Days,,Sony,,Premium
microwave oven convection,Nike Microwave Oven Convection Model 917,4484.0,3.0,3422.0,Reliance Digital,,5 Days,,Nike,,Budget
air fryer india,Dell Air Fryer India Model 250,25576.0,2.9,1041.0,Flipkart,,5 Days,,Dell,,Premium
microwave oven convection,Dell Microwave Oven Convection Model 272,438510.0,4.5,351.0,Reliance Digital,,5 Days,,Dell,,Luxury
air fryer india,Lg Air Fryer India Model 797,10526.0,4.7,4373.0,Reliance Digital,,2 Days,,Lg,,Mid-Range
office chair ergonomic,Lg Office Chair Ergonomic Model 187,7370.0,4.9,324.0,Flipkart,,5 Days,,Lg,,Mid-Range
power bank fast charging,Lg Power Bank Fast Charging Model 927,5380.0,2.6,1069.0,Croma,,Free Delivery,,Lg,,Mid-Range
office chair ergonomic,Boat Office Chair Ergonomic Model 251,10118.0,3.7,2270.0,Amazon,,2 Days,,Boat,,Mid-Range
men running shoes,Philips Men Running Shoes Model 769,6357.0,3.3,255.0,Reliance Digital,,5 Days,,Philips,,Mid-Range
power bank fast charging,Dell Power Bank Fast Charging Model 326,35283.0,3.8,4008.0,Amazon,,2 Days,,Dell,,Premium
men running shoes,Dell Men Running Shoes Model 450,2830.0,2.9,3675.0,Amazon,,2 Days,,Dell,,Budget
power bank fast charging,Lg Power Bank Fast Charging Model 330,28981.0,3.8,4349.0,Croma,,2 Days,,Lg,,Premium
office chair ergonomic,Lg Office Chair Ergonomic Model 365,42218.0,3.0,138.0,Amazon,,Free Delivery,,Lg,,Premium
men running shoes,Lg Men Running Shoes Model 272,20795.0,4.1,1456.0,Flipkart,,2 Days,,Lg,,Premium
microwave oven convection,Hp Microwave Oven Convection Model 260,10399.0,4.8,1364.0,Croma,,2 Days,,Hp,,Mid-Range
men running shoes,Hp Men Running Shoes Model 980,22136.0,4.4,2269.0,Croma,,Free Delivery,,Hp,,Premium
power bank fast charging,Boat Power Bank Fast Charging Model 625,38621.0,3.5,2443.0,Amazon,,2 Days,,Boat,,Premium
office chair ergonomic,Hp Office Chair Ergonomic Model 850,47613.0,4.9,4909.0,Croma,,5 Days,,Hp,,Premium
microwave oven convection,Boat Microwave Oven Convection Model 255,9089.0,4.1,3138.0,Croma,,5 Days,,Boat,,Mid-Range
air fryer india,Sony Air Fryer India Model 404,10311.0,2.9,2685.0,Croma,,Free Delivery,,Sony,,Mid-Range
air fryer india,Philips Air Fryer India Model 313,38075.0,3.5,1080.0,Amazon,,Free Delivery,,Philips,,Premium
microwave oven convection,Puma Microwave Oven Convection Model 765,8497.0,2.6,1408.0,Croma,,2 Days,,Puma,,Mid-Range
microwave oven convection,Lg Microwave Oven Convection Model 377,15541.0,,1848.0,Reliance Digital,,5 Days,,Lg,,Mid-Range
power bank fast charging,Nike Power Bank Fast Charging Model 332,20043.0,3.7,2355.0,Flipkart,,2 Days,,Nike,,Premium
microwave oven convection,Puma Microwave Oven Convection Model 583,33632.0,4.5,,Reliance Digital,,Free Delivery,,Puma,,Premium
men running shoes,Philips Men Running Shoes Model 437,8752.0,4.7,3962.0,Amazon,,5 Days,,Philips,,Mid-Range
microwave oven convection,Sony Microwave Oven Convection Model 873,35455.0,3.7,2825.0,Flipkart,,5 Days,,Sony,,Premium
microwave oven convection,Boat Microwave Oven Convection Model 875,6446.0,4.6,613.0,Amazon,,2 Days,,Boat,,Mid-Range
microwave oven convection,Sony Microwave Oven Convection Model 369,4789.0,4.6,589.0,Amazon,,5 Days,,Sony,,Budget
men running shoes,Dell Men Running Shoes Model 900,8466.0,3.2,3377.0,Croma,,2 Days,,Dell,,Mid-Range
men running shoes,Philips Men Running Shoes Model 503,46885.0,4.4,986.0,Amazon,,Free Delivery,,Philips,,Premium
men running shoes,Hp Men Running Shoes Model 956,1861.0,3.9,652.0,Croma,,5 Days,,Hp,,Budget
air fryer india,Dell Air Fryer India Model 284,36220.0,3.6,2875.0,Croma,,Free Delivery,,Dell,,Premium
microwave oven convection,Dell Microwave Oven Convection Model 370,41318.0,3.8,4161.0,Reliance Digital,,2 Days,,Dell,,Premium
men running shoes,Samsung Men Running Shoes Model 311,47745.0,,1278.0,Flipkart,,Free Delivery,,Samsung,,Premium
air fryer india,Dell Air Fryer India Model 810,10588.0,3.9,4559.0,Croma,,5 Days,,Dell,,Mid-Range
air fryer india,Hp Air Fryer India Model 922,15908.0,3.0,2532.0,Reliance Digital,,5 Days,,Hp,,Mid-Range
microwave oven convection,Hp Microwave Oven Convection Model 231,15909.0,3.3,3043.0,Reliance Digital,,Free Delivery,,Hp,,Mid-Range
office chair ergonomic,Nike Office Chair Ergonomic Model 462,23777.0,3.7,1783.0,Croma,,2 Days,,Nike,,Premium
microwave oven convection,Puma Microwave Oven Convection Model 380,17378.0,4.6,4702.0,Flipkart,,5 Days,,Puma,,Mid-Range
men running shoes,Hp Men Running Shoes Model 157,35128.0,4.7,2310.0,Reliance Digital,,2 Days,,Hp,,Premium
men running shoes,Philips Men Running Shoes Model 776,12533.0,4.8,208.0,Flipkart,,Free Delivery,,Philips,,Mid-Range
air fryer india,Samsung Air Fryer India Model 961,14116.0,2.6,2903.0,Croma,,Free Delivery,,Samsung,,Mid-Range
power bank fast charging,Nike Power Bank Fast Charging Model 363,702.0,4.5,1477.0,Flipkart,,2 Days,,Nike,,Budget
men running shoes,Dell Men Running Shoes Model 705,20430.0,4.6,4958.0,Croma,,2 Days,,Dell,,Premium
microwave oven convection,Samsung Microwave Oven Convection Model 692,49213.0,4.9,4261.0,Amazon,,Free Delivery,,Samsung,,Premium
microwave oven convection,Hp Microwave Oven Convection Model 498,36910.0,3.3,1021.0,Flipkart,,2 Days,,Hp,,Premium
microwave oven convection,Boat Microwave Oven Convection Model 460,16391.0,4.4,4959.0,Croma,,2 Days,,Boat,,Mid-Range
office chair ergonomic,Boat Office Chair Ergonomic Model 748,27212.0,3.0,2333.0,Flipkart,,Free Delivery,,Boat,,Premium
power bank fast charging,Lg Power Bank Fast Charging Model 928,23555.0,4.9,506.0,Flipkart,,Free Delivery,,Lg,,Premium
office chair ergonomic,Hp Office Chair Ergonomic Model 934,42606.0,3.0,3555.0,Flipkart,,Free Delivery,,Hp,,Premium
power bank fast charging,Sony Power Bank Fast Charging Model 242,17801.0,3.4,2910.0,Croma,,2 Days,,Sony,,Mid-Range
microwave oven convection,Dell Microwave Oven Convection Model 190,41050.0,4.4,1230.0,Reliance Digital,,Free Delivery,,Dell,,Premium
power bank fast charging,Philips Power Bank Fast Charging Model 319,38764.0,,416.0,Croma,,5 Days,,Philips,,Premium
power bank fast charging,Samsung Power Bank Fast Charging Model 461,2621.0,4.9,112.0,Amazon,,Free Delivery,,Samsung,,Budget
power bank fast charging,Boat Power Bank Fast Charging Model 133,4165.0,3.4,2655.0,Croma,,5 Days,,Boat,,Budget
office chair ergonomic,Philips Office Chair Ergonomic Model 510,48400.0,4.8,469.0,Reliance Digital,,Free Delivery,,Philips,,Premium
air fryer india,Philips Air Fryer India Model 250,32487.0,4.5,2194.0,Reliance Digital,,Free Delivery,,Philips,,Premium
men running shoes,Lg Men Running Shoes Model 220,13243.0,3.7,1513.0,Flipkart,,Free Delivery,,Lg,,Mid-Range
microwave oven convection,Dell Microwave Oven Convection Model 363,27413.0,3.1,1596.0,Flipkart,,2 Days,,Dell,,Premium
power bank fast charging,Hp Power Bank Fast Charging Model 389,18862.0,4.7,4825.0,Flipkart,,5 Days,,Hp,,Mid-Range
air fryer india,Puma Air Fryer India Model 420,19293.0,3.5,721.0,Amazon,,2 Days,,Puma,,Mid-Range
air fryer india,Dell Air Fryer India Model 471,25906.0,2.8,2582.0,Reliance Digital,,Free Delivery,,Dell,,Premium
men running shoes,Puma Men Running Shoes Model 302,46676.0,3.0,1248.0,Flipkart,,Free Delivery,,Puma,,Premium
air fryer india,Sony Air Fryer India Model 232,44203.0,4.7,2799.0,Croma,,Free Delivery,,Sony,,Premium
air fryer india,Puma Air Fryer India Model 349,30268.0,4.2,3941.0,Croma,,Free Delivery,,Puma,,Premium
men running shoes,Boat Men Running Shoes Model 401,146220.0,3.2,1261.0,Reliance Digital,,5 Days,,Boat,,Luxury
power bank fast charging,Nike Power Bank Fast Charging Model 369,44892.0,3.9,383.0,Amazon,,2 Days,,Nike,,Premium
microwave oven convection,Hp Microwave Oven Convection Model 284,44322.0,4.3,2946.0,Croma,,5 Days,,Hp,,Premium
air fryer india,Boat Air Fryer India Model 908,41753.0,4.3,3905.0,Reliance Digital,,Free Delivery,,Boat,,Premium
office chair ergonomic,Lg Office Chair Ergonomic Model 572,23787.0,4.4,2192.0,Croma,,Free Delivery,,Lg,,Premium
men running shoes,Nike Men Running Shoes Model 761,22667.0,4.7,1929.0,Flipkart,,Free Delivery,,Nike,,Premium
office chair ergonomic,Lg Office Chair Ergonomic Model 655,41827.0,4.1,,Flipkart,,Free Delivery,,Lg,,Premium
air fryer india,Lg Air Fryer India Model 811,33630.0,4.0,1597.0,Reliance Digital,,Free Delivery,,Lg,,Premium
microwave oven convection,Puma Microwave Oven Convection Model 556,192440.0,4.3,4490.0,Croma,,2 Days,,Puma,,Luxury
air fryer india,Lg Air Fryer India Model 528,48545.0,4.5,309.0,Flipkart,,5 Days,,Lg,,Premium
microwave oven convection,Lg Microwave Oven Convection Model 606,30148.0,2.7,4899.0,Croma,,5 Days,,Lg,,Premium
power bank fast charging,Dell Power Bank Fast Charging Model 949,26802.0,2.9,3666.0,Flipkart,,Free Delivery,,Dell,,Premium
power bank fast charging,Sony Power Bank Fast Charging Model 531,32369.0,2.6,2525.0,Flipkart,,Free Delivery,,Sony,,Premium
office chair ergonomic,Nike Office Chair Ergonomic Model 985,46962.0,3.6,526.0,Croma,,2 Days,,Nike,,Premium
power bank fast charging,Hp Power Bank Fast Charging Model 469,23432.0,3.3,,Croma,,2 Days,,Hp,,Premium
power bank fast charging,Samsung Power Bank Fast Charging Model 954,16114.0,3.1,3197.0,Reliance Digital,,2 Days,,Samsung,,Mid-Range
power bank fast charging,Puma Power Bank Fast Charging Model 144,36520.0,3.1,3011.0,Reliance Digital,,5 Days,,Puma,,Premium
office chair ergonomic,Nike Office Chair Ergonomic Model 799,48982.0,3.3,3233.0,Amazon,,Free Delivery,,Nike,,Premium
power bank fast charging,Samsung Power Bank Fast Charging Model 447,14024.0,4.0,3085.0,Reliance Digital,,Free Delivery,,Samsung,,Mid-Range
air fryer india,Lg Air Fryer India Model 152,28647.0,3.9,3757.0,Flipkart,,5 Days,,Lg,,Premium
office chair ergonomic,Nike Office Chair Ergonomic Model 321,17858.0,3.7,666.0,Flipkart,,5 Days,,Nike,,Mid-Range
air fryer india,Nike Air Fryer India Model 609,34421.0,2.8,660.0,Amazon,,Free Delivery,,Nike,,Premium
power bank fast charging,Boat Power Bank Fast Charging Model 295,17152.0,3.9,1879.0,Flipkart,,Free Delivery,,Boat,,Mid-Range
power bank fast charging,Samsung Power Bank Fast Charging Model 308,780.0,2.9,2239.0,Croma,,2 Days,,Samsung,,Budget
men running shoes,Puma Men Running Shoes Model 846,1264.0,4.2,1855.0,Croma,,5 Days,,Puma,,Budget
air fryer india,Dell Air Fryer India Model 255,26154.0,3.4,1644.0,Flipkart,,Free Delivery,,Dell,,Premium
power bank fast charging,Sony Power Bank Fast Charging Model 220,35128.0,4.3,1617.0,Amazon,,5 Days,,Sony,,Premium
microwave oven convection,Hp Microwave Oven Convection Model 161,34850.0,4.7,1498.0,Amazon,,5 Days,,Hp,,Premium
power bank fast charging,Puma Power Bank Fast Charging Model 131,8933.0,3.8,143.0,Amazon,,2 Days,,Puma,,Mid-Range
office chair ergonomic,Puma Office Chair Ergonomic Model 677,20577.0,3.6,3338.0,Croma,,5 Days,,Puma,,Premium
power bank fast charging,Lg Power Bank Fast Charging Model 664,34516.0,4.0,2812.0,Amazon,,Free Delivery,,Lg,,Premium
microwave oven convection,Puma Microwave Oven Convection Model 871,11766.0,4.5,4784.0,Reliance Digital,,5 Days,,Puma,,Mid-Range
power bank fast charging,Philips Power Bank Fast Charging Model 956,22658.0,4.3,4250.0,Amazon,,2 Days,,Philips,,Premium
air fryer india,Puma Air Fryer India Model 328,22632.0,4.8,2008.0,Amazon,,Free Delivery,,Puma,,Premium
microwave oven convection,Boat Microwave Oven Convection Model 117,12123.0,4.6,4412.0,Flipkart,,5 Days,,Boat,,Mid-Range
power bank fast charging,Hp Power Bank Fast Charging Model 832,30429.0,4.4,4501.0,Flipkart,,Free Delivery,,Hp,,Premium
power bank fast charging,Sony Power Bank Fast Charging Model 552,1240.0,4.0,1072.0,Flipkart,,Free Delivery,,Sony,,Budget
men running shoes,Nike Men Running Shoes Model 523,19303.0,4.7,3172.0,Amazon,,2 Days,,Nike,,Mid-Range
office chair ergonomic,Sony Office Chair Ergonomic Model 587,2295.0,,4417.0,Croma,,5 Days,,Sony,,Budget
microwave oven convection,Nike Microwave Oven Convection Model 158,325160.0,3.5,4292.0,Croma,,5 Days,,Nike,,Luxury
office chair ergonomic,Puma Office Chair Ergonomic Model 360,24626.0,2.8,3256.0,Croma,,Free Delivery,,Puma,,Premium
power bank fast charging,Dell Power Bank Fast Charging Model 204,49421.0,2.6,1928.0,Flipkart,,Free Delivery,,Dell,,Premium
air fryer india,Nike Air Fryer India Model 534,17928.0,3.4,3731.0,Reliance Digital,,2 Days,,Nike,,Mid-Range
men running shoes,Lg Men Running Shoes Model 145,30111.0,3.1,702.0,Reliance Digital,,Free Delivery,,Lg,,Premium
air fryer india,Philips Air Fryer India Model 360,17016.0,3.5,2921.0,Reliance Digital,,Free Delivery,,Philips,,Mid-Range
power bank fast charging,Hp Power Bank Fast Charging Model 824,3841.0,3.8,1977.0,Amazon,,5 Days,,Hp,,Budget
microwave oven convection,Samsung Microwave Oven Convection Model 836,17755.0,3.3,903.0,Reliance Digital,,Free Delivery,,Samsung,,Mid-Range
power bank fast charging,Samsung Power Bank Fast Charging Model 858,4182.0,4.4,2560.0,Amazon,,Free Delivery,,Samsung,,Budget
power bank fast charging,Lg Power Bank Fast Charging Model 466,49248.0,,1875.0,Amazon,,5 Days,,Lg,,Premium
men running shoes,Nike Men Running Shoes Model 143,44839.0,2.6,3003.0,Flipkart,,Free Delivery,,Nike,,Premium
office chair ergonomic,Boat Office Chair Ergonomic Model 149,17627.0,3.6,2289.0,Amazon,,2 Days,,Boat,,Mid-Range
office chair ergonomic,Puma Office Chair Ergonomic Model 996,66760.0,3.1,2181.0,Reliance Digital,,5 Days,,Puma,,Luxury
power bank fast charging,Lg Power Bank Fast Charging Model 549,32260.0,4.7,1850.0,Reliance Digital,,5 Days,,Lg,,Premium
office chair ergonomic,Sony Office Chair Ergonomic Model 269,35424.0,3.8,886.0,Amazon,,5 Days,,Sony,,Premium
air fryer india,Philips Air Fryer India Model 729,21132.0,2.7,4262.0,Croma,,Free Delivery,,Philips,,Premium
men running shoes,Philips Men Running Shoes Model 417,12377.0,4.1,1839.0,Flipkart,,5 Days,,Philips,,Mid-Range
power bank fast charging,Nike Power Bank Fast Charging Model 843,21420.0,4.5,465.0,Flipkart,,Free Delivery,,Nike,,Premium
office chair ergonomic,Nike Office Chair Ergonomic Model 207,18384.0,3.9,3798.0,Flipkart,,2 Days,,Nike,,Mid-Range
microwave oven convection,Hp Microwave Oven Convection Model 936,39408.0,4.2,3196.0,Croma,,5 Days,,Hp,,Premium
office chair ergonomic,Lg Office Chair Ergonomic Model 518,37579.0,3.0,2735.0,Amazon,,2 Days,,Lg,,Premium
men running shoes,Boat Men Running Shoes Model 196,6965.0,4.7,281.0,Amazon,,Free Delivery,,Boat,,Mid-Range
power bank fast charging,Lg Power Bank Fast Charging Model 926,5841.0,3.5,1593.0,Croma,,5 Days,,Lg,,Mid-Range
power bank fast charging,Samsung Power Bank Fast Charging Model 204,35892.0,4.0,4811.0,Amazon,,2 Days,,Samsung,,Premium
men running shoes,Boat Men Running Shoes Model 488,34899.0,4.3,2120.0,Amazon,,5 Days,,Boat,,Premium
air fryer india,Philips Air Fryer India Model 777,24223.0,2.9,2765.0,Reliance Digital,,5 Days,,Philips,,Premium
microwave oven convection,Lg Microwave Oven Convection Model 465,35692.0,3.1,560.0,Flipkart,,2 Days,,Lg,,Premium
men running shoes,Philips Men Running Shoes Model 921,6136.0,,3343.0,Croma,,Free Delivery,,Philips,,Mid-Range
men running shoes,Sony Men Running Shoes Model 459,42264.0,3.5,3067.0,Flipkart,,2 Days,,Sony,,Premium
office chair ergonomic,Puma Office Chair Ergonomic Model 906,23890.0,,2464.0,Reliance Digital,,2 Days,,Puma,,Premium
power bank fast charging,Puma Power Bank Fast Charging Model 949,87970.0,4.8,1988.0,Amazon,,Free Delivery,,Puma,,Luxury
men running shoes,Hp Men Running Shoes Model 911,9329.0,4.5,418.0,Amazon,,5 Days,,Hp,,Mid-Range
air fryer india,Hp Air Fryer India Model 837,20648.0,,866.0,Reliance Digital,,5 Days,,Hp,,Premium
power bank fast charging,Lg Power Bank Fast Charging Model 340,40436.0,,4359.0,Reliance Digital,,2 Days,,Lg,,Premium
microwave oven convection,Nike Microwave Oven Convection Model 856,27091.0,4.1,277.0,Croma,,5 Days,,Nike,,Premium
men running shoes,Boat Men Running Shoes Model 803,20987.0,4.5,3826.0,Flipkart,,2 Days,,Boat,,Premium
office chair ergonomic,Nike Office Chair Ergonomic Model 698,18380.0,3.1,1698.0,Reliance Digital,,Free Delivery,,Nike,,Mid-Range
office chair ergonomic,Dell Office Chair Ergonomic Model 875,32126.0,3.2,3250.0,Reliance Digital,,5 Days,,Dell,,Premium
air fryer india,Philips Air Fryer India Model 596,21238.0,4.8,2607.0,Flipkart,,Free Delivery,,Philips,,Premium
office chair ergonomic,Hp Office Chair Ergonomic Model 303,1279.0,4.9,4932.0,Amazon,,2 Days,,Hp,,Budget
office chair ergonomic,Philips Office Chair Ergonomic Model 477,10866.0,,4350.0,Croma,,5 Days,,Philips,,Mid-Range
power bank fast charging,Philips Power Bank Fast Charging Model 642,28225.0,4.6,2579.0,Reliance Digital,,2 Days,,Philips,,Premium
air fryer india,Nike Air Fryer India Model 718,29744.0,4.3,767.0,Croma,,5 Days,,Nike,,Premium
men running shoes,Puma Men Running Shoes Model 786,46190.0,4.4,4850.0,Reliance Digital,,2 Days,,Puma,,Premium
power bank fast charging,Puma Power Bank Fast Charging Model 482,45981.0,4.7,4614.0,Croma,,Free Delivery,,Puma,,Premium
air fryer india,Philips Air Fryer India Model 969,34115.0,3.7,2589.0,Reliance Digital,,2 Days,,Philips,,Premium
men running shoes,Puma Men Running Shoes Model 582,28024.0,,80.0,Flipkart,,Free Delivery,,Puma,,Premium
men running shoes,Puma Men Running Shoes Model 698,10209.0,4.2,1801.0,Reliance Digital,,5 Days,,Puma,,Mid-Range
air fryer india,Samsung Air Fryer India Model 828,46174.0,3.8,996.0,Flipkart,,2 Days,,Samsung,,Premium
power bank fast charging,Boat Power Bank Fast Charging Model 839,14552.0,3.0,3900.0,Amazon,,Free Delivery,,Boat,,Mid-Range
power bank fast charging,Boat Power Bank Fast Charging Model 674,37226.0,4.0,240.0,Amazon,,Free Delivery,,Boat,,Premium
microwave oven convection,Dell Microwave Oven Convection Model 467,2674.0,4.7,1877.0,Amazon,,2 Days,,Dell,,Budget
office chair ergonomic,Lg Office Chair Ergonomic Model 721,29876.0,4.9,2562.0,Croma,,Free Delivery,,Lg,,Premium
office chair ergonomic,Hp Office Chair Ergonomic Model 674,25437.0,3.0,2042.0,Croma,,2 Days,,Hp,,Premium
microwave oven convection,Samsung Microwave Oven Convection Model 355,19714.0,2.5,658.0,Amazon,,Free Delivery,,Samsung,,Mid-Range
men running shoes,Hp Men Running Shoes Model 182,47672.0,3.9,,Reliance Digital,,2 Days,,Hp,,Premium
men running shoes,Hp Men Running Shoes Model 331,29643.0,4.6,359.0,Reliance Digital,,2 Days,,Hp,,Premium
office chair ergonomic,Boat Office Chair Ergonomic Model 293,14351.0,3.9,1098.0,Flipkart,,5 Days,,Boat,,Mid-Range
air fryer india,Nike Air Fryer India Model 642,6086.0,,4274.0,Flipkart,,5 Days,,Nike,,Mid-Range
air fryer india,Hp Air Fryer India Model 311,43097.0,3.6,1168.0,Reliance Digital,,2 Days,,Hp,,Premium
office chair ergonomic,Hp Office Chair Ergonomic Model 929,48052.0,3.8,37.0,Croma,,2 Days,,Hp,,Premium
office chair ergonomic,Nike Office Chair Ergonomic Model 400,14284.0,4.7,1381.0,Croma,,Free Delivery,,Nike,,Mid-Range
men running shoes,Nike Men Running Shoes Model 617,17198.0,3.8,3865.0,Croma,,5 Days,,Nike,,Mid-Range
power bank fast charging,Hp Power Bank Fast Charging Model 745,30753.0,4.6,884.0,Reliance Digital,,2 Days,,Hp,,Premium
microwave oven convection,Lg Microwave Oven Convection Model 103,45883.0,4.5,1488.0,Flipkart,,2 Days,,Lg,,Premium
microwave oven convection,Nike Microwave Oven Convection Model 484,35539.0,,461.0,Reliance Digital,,Free Delivery,,Nike,,Premium
microwave oven convection,Nike Microwave Oven Convection Model 744,14102.0,3.3,355.0,Reliance Digital,,Free Delivery,,Nike,,Mid-Range
power bank fast charging,Hp Power Bank Fast Charging Model 251,29650.0,4.0,2211.0,Amazon,,5 Days,,Hp,,Premium
men running shoes,Philips Men Running Shoes Model 830,37227.0,3.2,2415.0,Flipkart,,Free Delivery,,Philips,,Premium
men running shoes,Sony Men Running Shoes Model 146,15396.0,4.5,1884.0,Flipkart,,5 Days,,Sony,,Mid-Range
power bank fast charging,Puma Power Bank Fast Charging Model 127,10720.0,4.3,629.0,Reliance Digital,,Free Delivery,,Puma,,Mid-Range
men running shoes,Samsung Men Running Shoes Model 413,14199.0,3.9,4628.0,Reliance Digital,,Free Delivery,,Samsung,,Mid-Range
air fryer india,Samsung Air Fryer India Model 611,3868.0,2.7,4042.0,Croma,,2 Days,,Samsung,,Budget
power bank fast charging,Lg Power Bank Fast Charging Model 130,49897.0,3.0,2424.0,Reliance Digital,,5 Days,,Lg,,Premium
office chair ergonomic,Boat Office Chair Ergonomic Model 306,33632.0,3.7,803.0,Reliance Digital,,2 Days,,Boat,,Premium
microwave oven convection,Boat Microwave Oven Convection Model 962,13198.0,4.3,3270.0,Amazon,,2 Days,,Boat,,Mid-Range
microwave oven convection,Puma Microwave Oven Convection Model 409,19446.0,,2308.0,Croma,,2 Days,,Puma,,Mid-Range
air fryer india,Hp Air Fryer India Model 794,27642.0,4.9,22.0,Reliance Digital,,5 Days,,Hp,,Premium
power bank fast charging,Boat Power Bank Fast Charging Model 410,7209.0,3.8,4713.0,Flipkart,,Free Delivery,,Boat,,Mid-Range
microwave oven convection,Boat Microwave Oven Convection Model 217,4482.0,3.2,779.0,Croma,,2 Days,,Boat,,Budget
power bank fast charging,Lg Power Bank Fast Charging Model 610,32170.0,3.4,852.0,Reliance Digital,,Free Delivery,,Lg,,Premium
power bank fast charging,Samsung Power Bank Fast Charging Model 384,11076.0,4.4,2498.0,Amazon,,Free Delivery,,Samsung,,Mid-Range
air fryer india,Puma Air Fryer India Model 890,22607.0,3.3,2977.0,Reliance Digital,,2 Days,,Puma,,Premium
microwave oven convection,Hp Microwave Oven Convection Model 255,150250.0,4.8,644.0,Reliance Digital,,Free Delivery,,Hp,,Luxury
men running shoes,Nike Men Running Shoes Model 445,6514.0,3.1,3970.0,Amazon,,Free Delivery,,Nike,,Mid-Range
power bank fast charging,Puma Power Bank Fast Charging Model 391,21690.0,3.2,3331.0,Flipkart,,2 Days,,Puma,,Premium
office chair ergonomic,Lg Office Chair Ergonomic Model 994,13287.0,4.6,414.0,Croma,,Free Delivery,,Lg,,Mid-Range
men running shoes,Hp Men Running Shoes Model 483,498050.0,3.3,4703.0,Amazon,,2 Days,,Hp,,Luxury
men running shoes,Boat Men Running Shoes Model 963,1439.0,3.7,2268.0,Reliance Digital,,Free Delivery,,Boat,,Budget
air fryer india,Sony Air Fryer India Model 556,4039.0,3.1,2150.0,Amazon,,5 Days,,Sony,,Budget
microwave oven convection,Nike Microwave Oven Convection Model 557,26380.0,4.7,3235.0,Flipkart,,Free Delivery,,Nike,,Premium
microwave oven convection,Hp Microwave Oven Convection Model 907,38823.0,3.2,214.0,Croma,,2 Days,,Hp,,Premium
air fryer india,Nike Air Fryer India Model 938,6967.0,2.7,2732.0,Reliance Digital,,5 Days,,Nike,,Mid-Range
office chair ergonomic,Lg Office Chair Ergonomic Model 506,41093.0,3.2,3648.0,Flipkart,,5 Days,,Lg,,Premium
men running shoes,Nike Men Running Shoes Model 469,8496.0,4.5,969.0,Croma,,2 Days,,Nike,,Mid-Range
air fryer india,Hp Air Fryer India Model 735,6304.0,3.9,3336.0,Amazon,,5 Days,,Hp,,Mid-Range
men running shoes,Samsung Men Running Shoes Model 267,27684.0,4.4,2165.0,Flipkart,,5 Days,,Samsung,,Premium
men running shoes,Lg Men Running Shoes Model 927,10893.0,,3220.0,Flipkart,,Free Delivery,,Lg,,Mid-Range
air fryer india,Boat Air Fryer India Model 822,317150.0,,912.0,Reliance Digital,,2 Days,,Boat,,Luxury
power bank fast charging,Boat Power Bank Fast Charging Model 237,40605.0,4.1,4794.0,Reliance Digital,,Free Delivery,,Boat,,Premium
men running shoes,Samsung Men Running Shoes Model 400,49074.0,3.4,3514.0,Reliance Digital,,2 Days,,Samsung,,Premium
air fryer india,Sony Air Fryer India Model 728,40235.0,4.9,1832.0,Croma,,Free Delivery,,Sony,,Premium
office chair ergonomic,Boat Office Chair Ergonomic Model 324,455330.0,4.1,3258.0,Amazon,,Free Delivery,,Boat,,Luxury
microwave oven convection,Puma Microwave Oven Convection Model 672,32574.0,,4159.0,Reliance Digital,,2 Days,,Puma,,Premium
office chair ergonomic,Lg Office Chair Ergonomic Model 906,47981.0,,4032.0,Flipkart,,5 Days,,Lg,,Premium
air fryer india,Nike Air Fryer India Model 478,18795.0,4.7,4940.0,Reliance Digital,,Free Delivery,,Nike,,Mid-Range
office chair ergonomic,Puma Office Chair Ergonomic Model 268,19653.0,,2571.0,Amazon,,5 Days,,Puma,,Mid-Range
microwave oven convection,Philips Microwave Oven Convection Model 749,12002.0,4.2,1195.0,Flipkart,,2 Days,,Philips,,Mid-Range
microwave oven convection,Puma Microwave Oven Convection Model 481,35873.0,3.1,4742.0,Amazon,,5 Days,,Puma,,Premium
power bank fast charging,Lg Power Bank Fast Charging Model 622,13442.0,4.9,2243.0,Amazon,,5 Days,,Lg,,Mid-Range
microwave oven convection,Lg Microwave Oven Convection Model 140,48117.0,2.7,1141.0,Flipkart,,5 Days,,Lg,,Premium
air fryer india,Philips Air Fryer India Model 646,11773.0,4.6,2746.0,Croma,,Free Delivery,,Philips,,Mid-Range
office chair ergonomic,Puma Office Chair Ergonomic Model 799,7517.0,3.7,2856.0,Croma,,2 Days,,Puma,,Mid-Range
power bank fast charging,Sony Power Bank Fast Charging Model 905,21605.0,3.2,4282.0,Flipkart,,5 Days,,Sony,,Premium
men running shoes,Lg Men Running Shoes Model 336,10645.0,2.6,1588.0,Amazon,,2 Days,,Lg,,Mid-Range
office chair ergonomic,Sony Office Chair Ergonomic Model 805,33876.0,4.2,4729.0,Flipkart,,2 Days,,Sony,,Premium
microwave oven convection,Lg Microwave Oven Convection Model 265,36060.0,2.7,1104.0,Amazon,,Free Delivery,,Lg,,Premium
men running shoes,Boat Men Running Shoes Model 103,11594.0,3.9,3659.0,Amazon,,5 Days,,Boat,,Mid-Range
microwave oven convection,Lg Microwave Oven Convection Model 421,1377.0,5.0,1203.0,Reliance Digital,,Free Delivery,,Lg,,Budget
power bank fast charging,Sony Power Bank Fast Charging Model 720,8143.0,5.0,1895.0,Amazon,,2 Days,,Sony,,Mid-Range
power bank fast charging,Hp Power Bank Fast Charging Model 730,8200.0,2.7,633.0,Flipkart,,5 Days,,Hp,,Mid-Range
microwave oven convection,Boat Microwave Oven Convection Model 912,14301.0,3.4,3397.0,Croma,,5 Days,,Boat,,Mid-Range
air fryer india,Philips Air Fryer India Model 480,48641.0,3.4,436.0,Flipkart,,Free Delivery,,Philips,,Premium
office chair ergonomic,Samsung Office Chair Ergonomic Model 401,17691.0,4.1,4739.0,Flipkart,,2 Days,,Samsung,,Mid-Range
air fryer india,Hp Air Fryer India Model 467,24241.0,3.6,2577.0,Croma,,5 Days,,Hp,,Premium
microwave oven convection,Philips Microwave Oven Convection Model 811,40899.0,3.1,4061.0,Croma,,5 Days,,Philips,,Premium
office chair ergonomic,Hp Office Chair Ergonomic Model 686,40569.0,4.9,2457.0,Amazon,,2 Days,,Hp,,Premium
microwave oven convection,Dell Microwave Oven Convection Model 732,22414.0,4.5,4065.0,Flipkart,,2 Days,,Dell,,Premium
air fryer india,Philips Air Fryer India Model 717,21851.0,4.4,1283.0,Reliance Digital,,2 Days,,Philips,,Premium
air fryer india,Philips Air Fryer India Model 486,32783.0,3.0,3444.0,Reliance Digital,,Free Delivery,,Philips,,Premium
men running shoes,Samsung Men Running Shoes Model 420,25585.0,4.4,382.0,Reliance Digital,,Free Delivery,,Samsung,,Premium
men running shoes,Hp Men Running Shoes Model 244,27366.0,4.7,171.0,Amazon,,5 Days,,Hp,,Premium
office chair ergonomic,Sony Office Chair Ergonomic Model 515,28389.0,4.6,685.0,Croma,,Free Delivery,,Sony,,Premium
office chair ergonomic,Philips Office Chair Ergonomic Model 257,17699.0,2.6,1407.0,Flipkart,,Free Delivery,,Philips,,Mid-Range
microwave oven convection,Dell Microwave Oven Convection Model 900,36248.0,2.9,3267.0,Flipkart,,Free Delivery,,Dell,,Premium
men running shoes,Dell Men Running Shoes Model 531,7064.0,4.9,2725.0,Reliance Digital,,2 Days,,Dell,,Mid-Range
men running shoes,Hp Men Running Shoes Model 526,45586.0,3.7,483.0,Reliance Digital,,2 Days,,Hp,,Premium
men running shoes,Puma Men Running Shoes Model 666,23630.0,3.4,982.0,Flipkart,,5 Days,,Puma,,Premium
air fryer india,Sony Air Fryer India Model 991,7436.0,4.9,1081.0,Flipkart,,Free Delivery,,Sony,,Mid-Range
power bank fast charging,Boat Power Bank Fast Charging Model 457,18723.0,,3760.0,Amazon,,2 Days,,Boat,,Mid-Range
men running shoes,Nike Men Running Shoes Model 985,5261.0,4.0,947.0,Reliance Digital,,2 Days,,Nike,,Mid-Range
office chair ergonomic,Philips Office Chair Ergonomic Model 290,12568.0,3.3,1037.0,Amazon,,Free Delivery,,Philips,,Mid-Range
microwave oven convection,Hp Microwave Oven Convection Model 705,21357.0,4.3,1751.0,Amazon,,2 Days,,Hp,,Premium
men running shoes,Samsung Men Running Shoes Model 751,49670.0,4.6,900.0,Reliance Digital,,2 Days,,Samsung,,Premium
microwave oven convection,Lg Microwave Oven Convection Model 443,11089.0,4.4,3882.0,Amazon,,2 Days,,Lg,,Mid-Range
microwave oven convection,Dell Microwave Oven Convection Model 722,25560.0,4.3,844.0,Reliance Digital,,Free Delivery,,Dell,,Premium
men running shoes,Philips Men Running Shoes Model 308,42168.0,3.6,667.0,Reliance Digital,,5 Days,,Philips,,Premium
men running shoes,Philips Men Running Shoes Model 169,45637.0,3.1,3481.0,Amazon,,5 Days,,Philips,,Premium
office chair ergonomic,Hp Office Chair Ergonomic Model 913,15034.0,3.3,3503.0,Reliance Digital,,5 Days,,Hp,,Mid-Range
office chair ergonomic,Philips Office Chair Ergonomic Model 989,8904.0,3.0,3739.0,Amazon,,2 Days,,Philips,,Mid-Range
office chair ergonomic,Puma Office Chair Ergonomic Model 321,44831.0,4.3,4897.0,Flipkart,,Free Delivery,,Puma,,Premium
power bank fast charging,Hp Power Bank Fast Charging Model 100,9092.0,3.8,811.0,Croma,,Free Delivery,,Hp,,Mid-Range
power bank fast charging,Hp Power Bank Fast Charging Model 956,49324.0,4.9,4798.0,Amazon,,5 Days,,Hp,,Premium
office chair ergonomic,Hp Office Chair Ergonomic Model 726,49015.0,2.9,3373.0,Reliance Digital,,5 Days,,Hp,,Premium
microwave oven convection,Samsung Microwave Oven Convection Model 999,12362.0,3.6,3512.0,Croma,,5 Days,,Samsung,,Mid-Range
men running shoes,Dell Men Running Shoes Model 938,18469.0,,3920.0,Amazon,,5 Days,,Dell,,Mid-Range
men running shoes,Boat Men Running Shoes Model 821,11806.0,3.7,3346.0,Amazon,,2 Days,,Boat,,Mid-Range
microwave oven convection,Sony Microwave Oven Convection Model 983,9278.0,3.2,937.0,Amazon,,Free Delivery,,Sony,,Mid-Range
power bank fast charging,Samsung Power Bank Fast Charging Model 567,2958.0,4.1,4103.0,Croma,,2 Days,,Samsung,,Budget
office chair ergonomic,Hp Office Chair Ergonomic Model 586,3054.0,,2790.0,Reliance Digital,,2 Days,,Hp,,Budget
men running shoes,Lg Men Running Shoes Model 131,43158.0,4.2,184.0,Flipkart,,2 Days,,Lg,,Premium
power bank fast charging,Samsung Power Bank Fast Charging Model 205,86400.0,,2729.0,Flipkart,,5 Days,,Samsung,,Luxury
microwave oven convection,Lg Microwave Oven Convection Model 469,23503.0,3.7,712.0,Reliance Digital,,2 Days,,Lg,,Premium
power bank fast charging,Puma Power Bank Fast Charging Model 586,7191.0,3.9,1373.0,Croma,,2 Days,,Puma,,Mid-Range
men running shoes,Nike Men Running Shoes Model 359,14330.0,3.9,4643.0,Amazon,,Free Delivery,,Nike,,Mid-Range
air fryer india,Boat Air Fryer India Model 311,36987.0,4.2,1543.0,Amazon,,Free Delivery,,Boat,,Premium
air fryer india,Hp Air Fryer India Model 211,39993.0,,149.0,Amazon,,Free Delivery,,Hp,,Premium
men running shoes,Puma Men Running Shoes Model 305,49243.0,3.5,515.0,Croma,,2 Days,,Puma,,Premium
microwave oven convection,Boat Microwave Oven Convection Model 453,44884.0,4.0,122.0,Flipkart,,Free Delivery,,Boat,,Premium
microwave oven convection,Hp Microwave Oven Convection Model 472,42957.0,3.2,3026.0,Croma,,5 Days,,Hp,,Premium
microwave oven convection,Dell Microwave Oven Convection Model 838,383970.0,2.8,2066.0,Reliance Digital,,5 Days,,Dell,,Luxury
power bank fast charging,Sony Power Bank Fast Charging Model 509,38591.0,2.7,969.0,Reliance Digital,,5 Days,,Sony,,Premium
microwave oven convection,Sony Microwave Oven Convection Model 848,9020.0,3.0,1410.0,Amazon,,2 Days,,Sony,,Mid-Range
power bank fast charging,Philips Power Bank Fast Charging Model 190,38421.0,,234.0,Flipkart,,Free Delivery,,Philips,,Premium
men running shoes,Lg Men Running Shoes Model 449,15824.0,2.9,2382.0,Reliance Digital,,2 Days,,Lg,,Mid-Range
office chair ergonomic,Philips Office Chair Ergonomic Model 887,9713.0,3.7,3026.0,Flipkart,,2 Days,,Philips,,Mid-Range
men running shoes,Nike Men Running Shoes Model 850,38043.0,3.3,2625.0,Flipkart,,2 Days,,Nike,,Premium
office chair ergonomic,Nike Office Chair Ergonomic Model 830,22701.0,4.6,868.0,Amazon,,Free Delivery,,Nike,,Premium
men running shoes,Samsung Men Running Shoes Model 677,31281.0,3.2,1859.0,Amazon,,5 Days,,Samsung,,Premium
microwave oven convection,Samsung Microwave Oven Convection Model 830,39906.0,3.7,2247.0,Reliance Digital,,Free Delivery,,Samsung,,Premium
power bank fast charging,Nike Power Bank Fast Charging Model 406,436130.0,,3636.0,Reliance Digital,,Free Delivery,,Nike,,Luxury
air fryer india,Puma Air Fryer India Model 297,15008.0,4.6,3256.0,Croma,,5 Days,,Puma,,Mid-Range
microwave oven convection,Philips Microwave Oven Convection Model 423,15450.0,3.5,2281.0,Croma,,2 Days,,Philips,,Mid-Range
office chair ergonomic,Dell Office Chair Ergonomic Model 787,40869.0,3.4,141.0,Reliance Digital,,5 Days,,Dell,,Premium
power bank fast charging,Philips Power Bank Fast Charging Model 149,4795.0,4.1,942.0,Croma,,2 Days,,Philips,,Budget
men running shoes,Nike Men Running Shoes Model 733,71900.0,4.1,4924.0,Flipkart,,Free Delivery,,Nike,,Luxury
power bank fast charging,Sony Power Bank Fast Charging Model 747,29596.0,4.3,934.0,Reliance Digital,,2 Days,,Sony,,Premium
microwave oven convection,Sony Microwave Oven Convection Model 408,41193.0,,2034.0,Amazon,,2 Days,,Sony,,Premium
microwave oven convection,Samsung Microwave Oven Convection Model 326,2525.0,,3415.0,Croma,,5 Days,,Samsung,,Budget
men running shoes,Samsung Men Running Shoes Model 836,712.0,4.6,819.0,Flipkart,,2 Days,,Samsung,,Budget
power bank fast charging,Hp Power Bank Fast Charging Model 709,24141.0,3.2,2688.0,Croma,,2 Days,,Hp,,Premium
microwave oven convection,Puma Microwave Oven Convection Model 523,44457.0,4.5,760.0,Croma,,2 Days,,Puma,,Premium
power bank fast charging,Sony Power Bank Fast Charging Model 711,10504.0,3.5,3408.0,Croma,,Free Delivery,,Sony,,Mid-Range
microwave oven convection,Sony Microwave Oven Convection Model 360,42530.0,3.4,4316.0,Flipkart,,2 Days,,Sony,,Premium
men running shoes,Puma Men Running Shoes Model 511,19924.0,4.5,902.0,Flipkart,,2 Days,,Puma,,Mid-Range
microwave oven convection,Samsung Microwave Oven Convection Model 533,6933.0,3.8,4407.0,Croma,,5 Days,,Samsung,,Mid-Range
office chair ergonomic,Samsung Office Chair Ergonomic Model 192,20680.0,2.8,934.0,Amazon,,2 Days,,Samsung,,Premium
men running shoes,Dell Men Running Shoes Model 277,10071.0,4.9,4560.0,Croma,,5 Days,,Dell,,Mid-Range
power bank fast charging,Samsung Power Bank Fast Charging Model 321,34057.0,4.5,3652.0,Amazon,,5 Days,,Samsung,,Premium
air fryer india,Sony Air Fryer India Model 833,15593.0,3.1,4956.0,Croma,,5 Days,,Sony,,Mid-Range
air fryer india,Lg Air Fryer India Model 739,21483.0,4.4,1545.0,Flipkart,,Free Delivery,,Lg,,Premium
air fryer india,Dell Air Fryer India Model 150,5659.0,4.2,270.0,Amazon,,5 Days,,Dell,,Mid-Range
air fryer india,Nike Air Fryer India Model 258,17028.0,3.0,3583.0,Flipkart,,5 Days,,Nike,,Mid-Range
office chair ergonomic,Sony Office Chair Ergonomic Model 546,11042.0,3.0,571.0,Flipkart,,Free Delivery,,Sony,,Mid-Range
microwave oven convection,Hp Microwave Oven Convection Model 690,47857.0,3.3,4944.0,Amazon,,Free Delivery,,Hp,,Premium
power bank fast charging,Philips Power Bank Fast Charging Model 708,12594.0,4.1,4687.0,Reliance Digital,,Free Delivery,,Philips,,Mid-Range
office chair ergonomic,Boat Office Chair Ergonomic Model 303,9335.0,,844.0,Reliance Digital,,Free Delivery,,Boat,,Mid-Range
office chair ergonomic,Nike Office Chair Ergonomic Model 994,33453.0,4.3,1126.0,Reliance Digital,,Free Delivery,,Nike,,Premium
air fryer india,Samsung Air Fryer India Model 440,18612.0,2.6,3055.0,Croma,,5 Days,,Samsung,,Mid-Range
office chair ergonomic,Lg Office Chair Ergonomic Model 874,35478.0,4.9,3461.0,Amazon,,5 Days,,Lg,,Premium
air fryer india,Lg Air Fryer India Model 428,8757.0,4.9,2023.0,Croma,,Free Delivery,,Lg,,Mid-Range
men running shoes,Boat Men Running Shoes Model 882,29336.0,2.8,199.0,Flipkart,,5 Days,,Boat,,Premium
microwave oven convection,Hp Microwave Oven Convection Model 721,38318.0,3.8,2831.0,Reliance Digital,,5 Days,,Hp,,Premium
power bank fast charging,Puma Power Bank Fast Charging Model 333,7947.0,3.3,3734.0,Croma,,5 Days,,Puma,,Mid-Range
power bank fast charging,Nike Power Bank Fast Charging Model 373,49953.0,4.9,2218.0,Flipkart,,Free Delivery,,Nike,,Premium
power bank fast charging,Sony Power Bank Fast Charging Model 300,9342.0,,3843.0,Croma,,2 Days,,Sony,,Mid-Range
air fryer india,Hp Air Fryer India Model 869,38110.0,4.6,4859.0,Flipkart,,2 Days,,Hp,,Premium
microwave oven convection,Dell Microwave Oven Convection Model 140,36301.0,,2443.0,Amazon,,5 Days,,Dell,,Premium
power bank fast charging,Sony Power Bank Fast Charging Model 678,44668.0,3.2,2300.0,Flipkart,,5 Days,,Sony,,Premium
microwave oven convection,Sony Microwave Oven Convection Model 705,10551.0,3.0,1713.0,Croma,,Free Delivery,,Sony,,Mid-Range
men running shoes,Dell Men Running Shoes Model 628,390740.0,4.6,4015.0,Croma,,5 Days,,Dell,,Luxury
men running shoes,Nike Men Running Shoes Model 571,10750.0,4.4,586.0,Croma,,2 Days,,Nike,,Mid-Range
men running shoes,Sony Men Running Shoes Model 922,29370.0,4.6,1501.0,Amazon,,Free Delivery,,Sony,,Premium
air fryer india,Lg Air Fryer India Model 691,43902.0,4.8,2395.0,Croma,,5 Days,,Lg,,Premium
air fryer india,Puma Air Fryer India Model 696,8987.0,4.8,2999.0,Reliance Digital,,Free Delivery,,Puma,,Mid-Range
office chair ergonomic,Philips Office Chair Ergonomic Model 733,2022.0,3.7,,Flipkart,,2 Days,,Philips,,Budget
men running shoes,Boat Men Running Shoes Model 961,3146.0,2.9,521.0,Amazon,,Free Delivery,,Boat,,Budget
air fryer india,Hp Air Fryer India Model 627,22353.0,4.0,4304.0,Flipkart,,2 Days,,Hp,,Premium
air fryer india,Lg Air Fryer India Model 628,41688.0,3.0,987.0,Reliance Digital,,Free Delivery,,Lg,,Premium
power bank fast charging,Boat Power Bank Fast Charging Model 932,15951.0,4.9,3521.0,Reliance Digital,,2 Days,,Boat,,Mid-Range
microwave oven convection,Dell Microwave Oven Convection Model 915,17906.0,4.2,1947.0,Amazon,,2 Days,,Dell,,Mid-Range
office chair ergonomic,Hp Office Chair Ergonomic Model 117,19227.0,4.4,3149.0,Reliance Digital,,2 Days,,Hp,,Mid-Range
air fryer india,Nike Air Fryer India Model 240,45088.0,4.2,3926.0,Amazon,,2 Days,,Nike,,Premium
air fryer india,Hp Air Fryer India Model 114,15280.0,4.2,4970.0,Reliance Digital,,5 Days,,Hp,,Mid-Range
power bank fast charging,Hp Power Bank Fast Charging Model 526,20759.0,4.2,1884.0,Amazon,,5 Days,,Hp,,Premium
microwave oven convection,Dell Microwave Oven Convection Model 367,32317.0,3.6,434.0,Amazon,,Free Delivery,,Dell,,Premium
air fryer india,Hp Air Fryer India Model 618,9220.0,2.9,326.0,Croma,,Free Delivery,,Hp,,Mid-Range
microwave oven convection,Boat Microwave Oven Convection Model 424,482890.0,4.9,858.0,Amazon,,2 Days,,Boat,,Luxury
microwave oven convection,Lg Microwave Oven Convection Model 603,49245.0,4.3,1944.0,Croma,,2 Days,,Lg,,Premium
microwave oven convection,Hp Microwave Oven Convection Model 129,30496.0,,4979.0,Amazon,,5 Days,,Hp,,Premium
office chair ergonomic,Nike Office Chair Ergonomic Model 106,8923.0,4.6,2822.0,Flipkart,,5 Days,,Nike,,Mid-Range
air fryer india,Lg Air Fryer India Model 774,17078.0,3.2,2604.0,Croma,,5 Days,,Lg,,Mid-Range
power bank fast charging,Dell Power Bank Fast Charging Model 852,27435.0,4.3,1773.0,Amazon,,Free Delivery,,Dell,,Premium
air fryer india,Lg Air Fryer India Model 285,35864.0,4.1,4369.0,Amazon,,Free Delivery,,Lg,,Premium
microwave oven convection,Boat Microwave Oven Convection Model 227,48663.0,,4019.0,Flipkart,,Free Delivery,,Boat,,Premium
office chair ergonomic,Philips Office Chair Ergonomic Model 723,45041.0,2.6,3099.0,Reliance Digital,,5 Days,,Philips,,Premium
men running shoes,Hp Men Running Shoes Model 425,1105.0,,69.0,Amazon,,5 Days,,Hp,,Budget
power bank fast charging,Boat Power Bank Fast Charging Model 924,33465.0,3.0,939.0,Amazon,,5 Days,,Boat,,Premium
office chair ergonomic,Sony Office Chair Ergonomic Model 865,17134.0,3.5,2274.0,Amazon,,Free Delivery,,Sony,,Mid-Range
power bank fast charging,Puma Power Bank Fast Charging Model 422,20958.0,3.3,427.0,Amazon,,5 Days,,Puma,,Premium
men running shoes,Sony Men Running Shoes Model 146,17182.0,3.5,500.0,Amazon,,Free Delivery,,Sony,,Mid-Range
air fryer india,Dell Air Fryer India Model 222,46717.0,4.4,4987.0,Amazon,,2 Days,,Dell,,Premium
air fryer india,Samsung Air Fryer India Model 964,40114.0,4.5,2842.0,Croma,,5 Days,,Samsung,,Premium
men running shoes,Samsung Men Running Shoes Model 589,2849.0,2.7,4466.0,Amazon,,2 Days,,Samsung,,Budget
air fryer india,Nike Air Fryer India Model 172,28087.0,4.2,2788.0,Croma,,Free Delivery,,Nike,,Premium
microwave oven convection,Hp Microwave Oven Convection Model 749,11799.0,,2729.0,Croma,,2 Days,,Hp,,Mid-Range
microwave oven convection,Puma Microwave Oven Convection Model 258,36850.0,4.9,1104.0,Reliance Digital,,Free Delivery,,Puma,,Premium
men running shoes,Hp Men Running Shoes Model 608,22065.0,4.9,2727.0,Amazon,,Free Delivery,,Hp,,Premium
power bank fast charging,Puma Power Bank Fast Charging Model 468,43895.0,4.0,4829.0,Croma,,5 Days,,Puma,,Premium
office chair ergonomic,Dell Office Chair Ergonomic Model 627,25413.0,4.4,1324.0,Flipkart,,5 Days,,Dell,,Premium
office chair ergonomic,Dell Office Chair Ergonomic Model 330,35292.0,2.7,4225.0,Reliance Digital,,2 Days,,Dell,,Premium
men running shoes,Philips Men Running Shoes Model 659,7470.0,3.5,3046.0,Croma,,2 Days,,Philips,,Mid-Range
power bank fast charging,Dell Power Bank Fast Charging Model 883,34235.0,2.7,200.0,Reliance Digital,,Free Delivery,,Dell,,Premium
office chair ergonomic,Hp Office Chair Ergonomic Model 873,43509.0,,4035.0,Reliance Digital,,2 Days,,Hp,,Premium
men running shoes,Samsung Men Running Shoes Model 200,13528.0,3.3,2011.0,Flipkart,,Free Delivery,,Samsung,,Mid-Range
office chair ergonomic,Puma Office Chair Ergonomic Model 753,1131.0,3.9,4694.0,Reliance Digital,,2 Days,,Puma,,Budget
men running shoes,Hp Men Running Shoes Model 563,42681.0,3.5,3907.0,Flipkart,,5 Days,,Hp,,Premium
air fryer india,Dell Air Fryer India Model 284,44863.0,4.8,4625.0,Flipkart,,Free Delivery,,Dell,,Premium
air fryer india,Lg Air Fryer India Model 400,36846.0,4.5,1363.0,Croma,,2 Days,,Lg,,Premium
men running shoes,Lg Men Running Shoes Model 614,1680.0,2.7,4120.0,Reliance Digital,,Free Delivery,,Lg,,Budget
office chair ergonomic,Boat Office Chair Ergonomic Model 922,11394.0,3.7,,Reliance Digital,,5 Days,,Boat,,Mid-Range
men running shoes,Boat Men Running Shoes Model 296,10726.0,,3096.0,Flipkart,,Free Delivery,,Boat,,Mid-Range
power bank fast charging,Philips Power Bank Fast Charging Model 166,43776.0,3.3,3844.0,Croma,,5 Days,,Philips,,Premium
air fryer india,Puma Air Fryer India Model 883,103500.0,4.3,4194.0,Amazon,,5 Days,,Puma,,Luxury
men running shoes,Sony Men Running Shoes Model 835,5646.0,4.2,3419.0,Amazon,,5 Days,,Sony,,Mid-Range
power bank fast charging,Boat Power Bank Fast Charging Model 483,26374.0,4.4,2145.0,Flipkart,,2 Days,,Boat,,Premium
microwave oven convection,Boat Microwave Oven Convection Model 957,23854.0,4.8,3087.0,Flipkart,,5 Days,,Boat,,Premium
power bank fast charging,Boat Power Bank Fast Charging Model 651,11700.0,4.4,1813.0,Reliance Digital,,2 Days,,Boat,,Mid-Range
air fryer india,Hp Air Fryer India Model 603,46330.0,4.4,1403.0,Amazon,,5 Days,,Hp,,Premium
air fryer india,Dell Air Fryer India Model 962,33577.0,2.9,991.0,Amazon,,Free Delivery,,Dell,,Premium
microwave oven convection,Boat Microwave Oven Convection Model 128,20084.0,,2575.0,Amazon,,Free Delivery,,Boat,,Premium
microwave oven convection,Puma Microwave Oven Convection Model 943,18372.0,4.2,367.0,Croma,,5 Days,,Puma,,Mid-Range
office chair ergonomic,Nike Office Chair Ergonomic Model 944,21252.0,3.0,3789.0,Reliance Digital,,2 Days,,Nike,,Premium
men running shoes,Puma Men Running Shoes Model 319,34307.0,4.1,1256.0,Flipkart,,Free Delivery,,Puma,,Premium
air fryer india,Puma Air Fryer India Model 791,35653.0,3.6,4443.0,Reliance Digital,,5 Days,,Puma,,Premium
men running shoes,Samsung Men Running Shoes Model 540,17273.0,3.6,561.0,Croma,,Free Delivery,,Samsung,,Mid-Range
air fryer india,Boat Air Fryer India Model 608,10828.0,3.3,4277.0,Flipkart,,5 Days,,Boat,,Mid-Range
men running shoes,Boat Men Running Shoes Model 710,46350.0,3.6,2345.0,Reliance Digital,,Free Delivery,,Boat,,Premium
air fryer india,Philips Air Fryer India Model 545,5049.0,4.4,557.0,Amazon,,2 Days,,Philips,,Mid-Range
power bank fast charging,Lg Power Bank Fast Charging Model 952,43614.0,5.0,3948.0,Croma,,2 Days,,Lg,,Premium
power bank fast charging,Samsung Power Bank Fast Charging Model 946,17773.0,3.6,587.0,Amazon,,Free Delivery,,Samsung,,Mid-Range
power bank fast charging,Boat Power Bank Fast Charging Model 239,4103.0,4.7,4335.0,Amazon,,2 Days,,Boat,,Budget
air fryer india,Hp Air Fryer India Model 541,44752.0,4.6,3692.0,Reliance Digital,,2 Days,,Hp,,Premium
men running shoes,Boat Men Running Shoes Model 227,380730.0,2.9,1574.0,Croma,,2 Days,,Boat,,Luxury
microwave oven convection,Puma Microwave Oven Convection Model 925,32710.0,3.1,3780.0,Reliance Digital,,2 Days,,Puma,,Premium
men running shoes,Nike Men Running Shoes Model 773,12222.0,4.3,3755.0,Amazon,,5 Days,,Nike,,Mid-Range
men running shoes,Boat Men Running Shoes Model 475,10153.0,2.9,3274.0,Amazon,,5 Days,,Boat,,Mid-Range
air fryer india,Hp Air Fryer India Model 607,28433.0,,2110.0,Amazon,,2 Days,,Hp,,Premium
power bank fast charging,Sony Power Bank Fast Charging Model 131,6862.0,3.9,1670.0,Croma,,5 Days,,Sony,,Mid-Range
microwave oven convection,Samsung Microwave Oven Convection Model 132,2008.0,4.8,2465.0,Croma,,5 Days,,Samsung,,Budget
men running shoes,Dell Men Running Shoes Model 598,32326.0,4.8,3889.0,Croma,,2 Days,,Dell,,Premium
men running shoes,Puma Men Running Shoes Model 152,39884.0,3.0,491.0,Reliance Digital,,2 Days,,Puma,,Premium
microwave oven convection,Dell Microwave Oven Convection Model 270,35994.0,2.7,2870.0,Flipkart,,5 Days,,Dell,,Premium
air fryer india,Dell Air Fryer India Model 786,28304.0,4.4,2261.0,Reliance Digital,,2 Days,,Dell,,Premium
air fryer india,Samsung Air Fryer India Model 883,5559.0,,3803.0,Croma,,Free Delivery,,Samsung,,Mid-Range
microwave oven convection,Boat Microwave Oven Convection Model 754,2828.0,3.2,1712.0,Reliance Digital,,5 Days,,Boat,,Budget
power bank fast charging,Sony Power Bank Fast Charging Model 631,35507.0,3.1,4810.0,Amazon,,5 Days,,Sony,,Premium
microwave oven convection,Lg Microwave Oven Convection Model 213,40084.0,3.6,1704.0,Croma,,Free Delivery,,Lg,,Premium
office chair ergonomic,Lg Office Chair Ergonomic Model 315,39361.0,3.9,405.0,Croma,,Free Delivery,,Lg,,Premium
office chair ergonomic,Sony Office Chair Ergonomic Model 904,32777.0,4.4,774.0,Croma,,Free Delivery,,Sony,,Premium
power bank fast charging,Sony Power Bank Fast Charging Model 298,16898.0,4.2,4324.0,Reliance Digital,,Free Delivery,,Sony,,Mid-Range
office chair ergonomic,Puma Office Chair Ergonomic Model 876,123310.0,3.3,2499.0,Flipkart,,Free Delivery,,Puma,,Luxury
air fryer india,Puma Air Fryer India Model 363,28760.0,4.9,1266.0,Reliance Digital,,Free Delivery,,Puma,,Premium
office chair ergonomic,Sony Office Chair Ergonomic Model 246,40731.0,4.7,4537.0,Reliance Digital,,Free Delivery,,Sony,,Premium
microwave oven convection,Hp Microwave Oven Convection Model 564,8799.0,3.5,4884.0,Amazon,,Free Delivery,,Hp,,Mid-Range
microwave oven convection,Puma Microwave Oven Convection Model 837,45797.0,4.4,3484.0,Amazon,,5 Days,,Puma,,Premium
microwave oven convection,Boat Microwave Oven Convection Model 306,16492.0,2.6,4233.0,Reliance Digital,,5 Days,,Boat,,Mid-Range
office chair ergonomic,Sony Office Chair Ergonomic Model 231,19356.0,3.3,3401.0,Reliance Digital,,Free Delivery,,Sony,,Mid-Range
microwave oven convection,Lg Microwave Oven Convection Model 208,4378.0,,646.0,Amazon,,2 Days,,Lg,,Budget
microwave oven convection,Samsung Microwave Oven Convection Model 981,24681.0,4.6,2547.0,Flipkart,,5 Days,,Samsung,,Premium
men running shoes,Hp Men Running Shoes Model 362,43372.0,2.9,705.0,Reliance Digital,,5 Days,,Hp,,Premium
office chair ergonomic,Hp Office Chair Ergonomic Model 442,18356.0,3.3,1514.0,Croma,,5 Days,,Hp,,Mid-Range
microwave oven convection,Sony Microwave Oven Convection Model 539,25404.0,3.3,3211.0,Reliance Digital,,5 Days,,Sony,,Premium
power bank fast charging,Puma Power Bank Fast Charging Model 689,44441.0,3.3,3789.0,Amazon,,2 Days,,Puma,,Premium
air fryer india,Dell Air Fryer India Model 524,18745.0,4.4,1310.0,Flipkart,,Free Delivery,,Dell,,Mid-Range
power bank fast charging,Nike Power Bank Fast Charging Model 495,45830.0,4.5,3175.0,Croma,,2 Days,,Nike,,Premium
office chair ergonomic,Hp Office Chair Ergonomic Model 581,20763.0,3.4,4476.0,Croma,,Free Delivery,,Hp,,Premium
air fryer india,Lg Air Fryer India Model 402,20591.0,4.8,3083.0,Flipkart,,5 Days,,Lg,,Premium
power bank fast charging,Philips Power Bank Fast Charging Model 444,46465.0,3.9,451.0,Reliance Digital,,Free Delivery,,Philips,,Premium
microwave oven convection,Hp Microwave Oven Convection Model 412,30081.0,3.1,1743.0,Croma,,Free Delivery,,Hp,,Premium
men running shoes,Dell Men Running Shoes Model 919,32059.0,4.1,692.0,Amazon,,2 Days,,Dell,,Premium
office chair ergonomic,Philips Office Chair Ergonomic Model 756,28361.0,,159.0,Reliance Digital,,Free Delivery,,Philips,,Premium
men running shoes,Philips Men Running Shoes Model 538,18724.0,3.7,4023.0,Flipkart,,5 Days,,Philips,,Mid-Range
men running shoes,Samsung Men Running Shoes Model 620,10627.0,2.6,1998.0,Amazon,,2 Days,,Samsung,,Mid-Range
office chair ergonomic,Nike Office Chair Ergonomic Model 625,4607.0,2.9,1964.0,Reliance Digital,,5 Days,,Nike,,Budget
microwave oven convection,Philips Microwave Oven Convection Model 363,545.0,4.5,3336.0,Reliance Digital,,2 Days,,Philips,,Budget
power bank fast charging,Puma Power Bank Fast Charging Model 877,3589.0,3.1,2943.0,Amazon,,2 Days,,Puma,,Budget
microwave oven convection,Boat Microwave Oven Convection Model 689,189420.0,4.7,4390.0,Amazon,,5 Days,,Boat,,Luxury
men running shoes,Boat Men Running Shoes Model 745,49612.0,,4854.0,Amazon,,Free Delivery,,Boat,,Premium
microwave oven convection,Dell Microwave Oven Convection Model 311,41787.0,3.0,4005.0,Amazon,,5 Days,,Dell,,Premium
air fryer india,Boat Air Fryer India Model 698,46221.0,,1104.0,Reliance Digital,,2 Days,,Boat,,Premium
air fryer india,Sony Air Fryer India Model 515,9979.0,4.4,424.0,Croma,,2 Days,,Sony,,Mid-Range
men running shoes,Nike Men Running Shoes Model 468,47880.0,3.1,3824.0,Reliance Digital,,2 Days,,Nike,,Premium
power bank fast charging,Nike Power Bank Fast Charging Model 679,26131.0,4.4,209.0,Flipkart,,5 Days,,Nike,,Premium
microwave oven convection,Boat Microwave Oven Convection Model 520,6468.0,4.1,4876.0,Amazon,,Free Delivery,,Boat,,Mid-Range
power bank fast charging,Hp Power Bank Fast Charging Model 689,46669.0,4.3,2589.0,Amazon,,5 Days,,Hp,,Premium
microwave oven convection,Lg Microwave Oven Convection Model 441,1788.0,4.4,713.0,Flipkart,,Free Delivery,,Lg,,Budget
men running shoes,Sony Men Running Shoes Model 238,12511.0,4.8,910.0,Flipkart,,2 Days,,Sony,,Mid-Range
air fryer india,Lg Air Fryer India Model 409,30972.0,3.5,2526.0,Croma,,5 Days,,Lg,,Premium
microwave oven convection,Philips Microwave Oven Convection Model 744,12043.0,3.9,3591.0,Croma,,5 Days,,Philips,,Mid-Range
power bank fast charging,Puma Power Bank Fast Charging Model 707,34331.0,,662.0,Amazon,,5 Days,,Puma,,Premium
microwave oven convection,Samsung Microwave Oven Convection Model 702,16855.0,3.4,1687.0,Amazon,,Free Delivery,,Samsung,,Mid-Range
air fryer india,Samsung Air Fryer India Model 320,25030.0,3.7,3449.0,Reliance Digital,,Free Delivery,,Samsung,,Premium
men running shoes,Hp Men Running Shoes Model 115,6514.0,3.7,2024.0,Amazon,,Free Delivery,,Hp,,Mid-Range
men running shoes,Boat Men Running Shoes Model 613,37203.0,3.5,4794.0,Reliance Digital,,5 Days,,Boat,,Premium
air fryer india,Lg Air Fryer India Model 455,14463.0,4.6,3414.0,Reliance Digital,,2 Days,,Lg,,Mid-Range
power bank fast charging,Lg Power Bank Fast Charging Model 410,14986.0,3.1,2293.0,Reliance Digital,,5 Days,,Lg,,Mid-Range
office chair ergonomic,Lg Office Chair Ergonomic Model 901,10247.0,3.6,2696.0,Reliance Digital,,2 Days,,Lg,,Mid-Range
power bank fast charging,Philips Power Bank Fast Charging Model 534,35646.0,4.7,2485.0,Amazon,,Free Delivery,,Philips,,Premium
men running shoes,Philips Men Running Shoes Model 324,24783.0,3.0,1077.0,Croma,,2 Days,,Philips,,Premium
air fryer india,Sony Air Fryer India Model 915,21233.0,4.6,57.0,Croma,,2 Days,,Sony,,Premium
power bank fast charging,Hp Power Bank Fast Charging Model 937,45235.0,2.5,1819.0,Reliance Digital,,2 Days,,Hp,,Premium
men running shoes,Nike Men Running Shoes Model 692,6110.0,2.9,3598.0,Croma,,2 Days,,Nike,,Mid-Range
power bank fast charging,Hp Power Bank Fast Charging Model 815,5912.0,3.6,80.0,Reliance Digital,,Free Delivery,,Hp,,Mid-Range
power bank fast charging,Sony Power Bank Fast Charging Model 101,35363.0,4.4,2354.0,Amazon,,Free Delivery,,Sony,,Premium
power bank fast charging,Puma Power Bank Fast Charging Model 415,8944.0,3.7,2974.0,Amazon,,2 Days,,Puma,,Mid-Range
air fryer india,Hp Air Fryer India Model 947,26570.0,4.9,1076.0,Croma,,2 Days,,Hp,,Premium
microwave oven convection,Puma Microwave Oven Convection Model 212,12632.0,3.0,2291.0,Flipkart,,Free Delivery,,Puma,,Mid-Range
office chair ergonomic,Hp Office Chair Ergonomic Model 314,40602.0,4.0,4062.0,Amazon,,Free Delivery,,Hp,,Premium
air fryer india,Nike Air Fryer India Model 150,26407.0,2.9,3910.0,Reliance Digital,,Free Delivery,,Nike,,Premium
men running shoes,Hp Men Running Shoes Model 129,42006.0,4.5,3287.0,Flipkart,,5 Days,,Hp,,Premium
air fryer india,Dell Air Fryer India Model 363,23530.0,4.0,641.0,Flipkart,,2 Days,,Dell,,Premium
men running shoes,Nike Men Running Shoes Model 347,31724.0,3.1,612.0,Reliance Digital,,2 Days,,Nike,,Premium
microwave oven convection,Philips Microwave Oven Convection Model 280,23316.0,2.5,1090.0,Flipkart,,2 Days,,Philips,,Premium
power bank fast charging,Samsung Power Bank Fast Charging Model 440,13597.0,3.6,4156.0,Amazon,,2 Days,,Samsung,,Mid-Range
microwave oven convection,Philips Microwave Oven Convection Model 635,12598.0,4.1,3062.0,Amazon,,2 Days,,Philips,,Mid-Range
men running shoes,Sony Men Running Shoes Model 596,12685.0,5.0,1964.0,Flipkart,,2 Days,,Sony,,Mid-Range
air fryer india,Lg Air Fryer India Model 884,3840.0,4.9,2735.0,Croma,,5 Days,,Lg,,Budget
air fryer india,Nike Air Fryer India Model 458,9171.0,2.5,3658.0,Reliance Digital,,2 Days,,Nike,,Mid-Range
men running shoes,Boat Men Running Shoes Model 997,44964.0,3.6,802.0,Amazon,,2 Days,,Boat,,Premium
power bank fast charging,Puma Power Bank Fast Charging Model 235,44793.0,4.2,4777.0,Flipkart,,5 Days,,Puma,,Premium
microwave oven convection,Sony Microwave Oven Convection Model 224,5069.0,4.3,2597.0,Reliance Digital,,2 Days,,Sony,,Mid-Range
office chair ergonomic,Puma Office Chair Ergonomic Model 226,14746.0,3.1,1199.0,Croma,,2 Days,,Puma,,Mid-Range
power bank fast charging,Nike Power Bank Fast Charging Model 262,19476.0,4.0,4865.0,Amazon,,Free Delivery,,Nike,,Mid-Range
men running shoes,Hp Men Running Shoes Model 563,26629.0,3.8,371.0,Croma,,Free Delivery,,Hp,,Premium
power bank fast charging,Hp Power Bank Fast Charging Model 573,34168.0,4.3,1223.0,Flipkart,,2 Days,,Hp,,Premium
microwave oven convection,Sony Microwave Oven Convection Model 911,1095.0,3.5,2227.0,Reliance Digital,,5 Days,,Sony,,Budget
microwave oven convection,Puma Microwave Oven Convection Model 342,24507.0,2.7,389.0,Amazon,,5 Days,,Puma,,Premium
microwave oven convection,Sony Microwave Oven Convection Model 764,26390.0,4.1,1905.0,Croma,,Free Delivery,,Sony,,Premium
men running shoes,Boat Men Running Shoes Model 978,42076.0,,2971.0,Amazon,,5 Days,,Boat,,Premium
microwave oven convection,Samsung Microwave Oven Convection Model 210,11972.0,3.6,629.0,Flipkart,,2 Days,,Samsung,,Mid-Range
microwave oven convection,Hp Microwave Oven Convection Model 133,3630.0,3.7,4648.0,Amazon,,Free Delivery,,Hp,,Budget
office chair ergonomic,Puma Office Chair Ergonomic Model 837,13147.0,4.2,32.0,Croma,,5 Days,,Puma,,Mid-Range
microwave oven convection,Puma Microwave Oven Convection Model 541,18499.0,3.4,2522.0,Reliance Digital,,2 Days,,Puma,,Mid-Range
power bank fast charging,Sony Power Bank Fast Charging Model 286,12239.0,3.7,4088.0,Croma,,2 Days,,Sony,,Mid-Range
power bank fast charging,Puma Power Bank Fast Charging Model 383,45126.0,3.0,3458.0,Amazon,,2 Days,,Puma,,Premium
office chair ergonomic,Dell Office Chair Ergonomic Model 133,5073.0,3.3,515.0,Reliance Digital,,2 Days,,Dell,,Mid-Range
power bank fast charging,Hp Power Bank Fast Charging Model 103,9195.0,4.3,426.0,Amazon,,5 Days,,Hp,,Mid-Range
microwave oven convection,Puma Microwave Oven Convection Model 554,7198.0,4.8,4075.0,Amazon,,5 Days,,Puma,,Mid-Range
power bank fast charging,Puma Power Bank Fast Charging Model 535,42894.0,4.0,387.0,Flipkart,,Free Delivery,,Puma,,Premium
air fryer india,Puma Air Fryer India Model 114,19237.0,4.2,2847.0,Croma,,Free Delivery,,Puma,,Mid-Range
office chair ergonomic,Lg Office Chair Ergonomic Model 168,229430.0,3.2,2872.0,Flipkart,,2 Days,,Lg,,Luxury
office chair ergonomic,Nike Office Chair Ergonomic Model 171,48035.0,4.6,4068.0,Flipkart,,Free Delivery,,Nike,,Premium
microwave oven convection,Puma Microwave Oven Convection Model 226,45427.0,,3127.0,Flipkart,,Free Delivery,,Puma,,Premium
power bank fast charging,Sony Power Bank Fast Charging Model 726,2163.0,3.5,1528.0,Reliance Digital,,Free Delivery,,Sony,,Budget
office chair ergonomic,Boat Office Chair Ergonomic Model 626,21070.0,3.5,2232.0,Amazon,,5 Days,,Boat,,Premium
microwave oven convection,Hp Microwave Oven Convection Model 277,36657.0,4.7,4480.0,Croma,,Free Delivery,,Hp,,Premium
air fryer india,Hp Air Fryer India Model 527,38330.0,3.3,1963.0,Flipkart,,Free Delivery,,Hp,,Premium
men running shoes,Boat Men Running Shoes Model 948,10068.0,4.5,3869.0,Reliance Digital,,2 Days,,Boat,,Mid-Range
power bank fast charging,Lg Power Bank Fast Charging Model 896,47595.0,4.1,2583.0,Reliance Digital,,Free Delivery,,Lg,,Premium
office chair ergonomic,Dell Office Chair Ergonomic Model 164,45070.0,4.1,2690.0,Flipkart,,2 Days,,Dell,,Premium
air fryer india,Nike Air Fryer India Model 194,31793.0,,2201.0,Amazon,,5 Days,,Nike,,Premium
microwave oven convection,Boat Microwave Oven Convection Model 173,47111.0,3.6,2074.0,Reliance Digital,,Free Delivery,,Boat,,Premium
microwave oven convection,Samsung Microwave Oven Convection Model 145,44221.0,4.5,4997.0,Croma,,5 Days,,Samsung,,Premium
microwave oven convection,Puma Microwave Oven Convection Model 321,28313.0,3.5,4186.0,Reliance Digital,,Free Delivery,,Puma,,Premium
air fryer india,Lg Air Fryer India Model 163,22657.0,3.8,3631.0,Croma,,5 Days,,Lg,,Premium
microwave oven convection,Philips Microwave Oven Convection Model 889,861.0,5.0,1382.0,Amazon,,2 Days,,Philips,,Budget
power bank fast charging,Philips Power Bank Fast Charging Model 541,46064.0,4.9,3147.0,Reliance Digital,,Free Delivery,,Philips,,Premium
air fryer india,Philips Air Fryer India Model 594,41057.0,3.6,3166.0,Reliance Digital,,2 Days,,Philips,,Premium
office chair ergonomic,Hp Office Chair Ergonomic Model 891,42516.0,4.6,2855.0,Croma,,Free Delivery,,Hp,,Premium
office chair ergonomic,Hp Office Chair Ergonomic Model 552,46946.0,2.7,3568.0,Flipkart,,2 Days,,Hp,,Premium
microwave oven convection,Nike Microwave Oven Convection Model 509,8160.0,,4917.0,Reliance Digital,,Free Delivery,,Nike,,Mid-Range
microwave oven convection,Sony Microwave Oven Convection Model 163,30641.0,4.0,3963.0,Flipkart,,Free Delivery,,Sony,,Premium
men running shoes,Samsung Men Running Shoes Model 605,40321.0,3.9,2672.0,Croma,,5 Days,,Samsung,,Premium
air fryer india,Puma Air Fryer India Model 553,41567.0,4.5,2251.0,Amazon,,Free Delivery,,Puma,,Premium
power bank fast charging,Puma Power Bank Fast Charging Model 990,27357.0,3.7,1960.0,Croma,,5 Days,,Puma,,Premium
office chair ergonomic,Boat Office Chair Ergonomic Model 178,5007.0,4.5,543.0,Amazon,,2 Days,,Boat,,Mid-Range
power bank fast charging,Lg Power Bank Fast Charging Model 658,19178.0,4.9,4495.0,Reliance Digital,,2 Days,,Lg,,Mid-Range
microwave oven convection,Nike Microwave Oven Convection Model 392,18929.0,3.7,4407.0,Amazon,,Free Delivery,,Nike,,Mid-Range
air fryer india,Hp Air Fryer India Model 426,22209.0,,1544.0,Reliance Digital,,Free Delivery,,Hp,,Premium
office chair ergonomic,Dell Office Chair Ergonomic Model 777,11887.0,2.7,153.0,Flipkart,,2 Days,,Dell,,Mid-Range
air fryer india,Nike Air Fryer India Model 948,17183.0,2.7,130.0,Croma,,2 Days,,Nike,,Mid-Range
microwave oven convection,Hp Microwave Oven Convection Model 218,1280.0,,4982.0,Flipkart,,Free Delivery,,Hp,,Budget
microwave oven convection,Philips Microwave Oven Convection Model 209,27815.0,3.2,4406.0,Reliance Digital,,5 Days,,Philips,,Premium
men running shoes,Puma Men Running Shoes Model 923,49220.0,2.8,3066.0,Flipkart,,5 Days,,Puma,,Premium
power bank fast charging,Lg Power Bank Fast Charging Model 398,4006.0,3.9,3536.0,Reliance Digital,,Free Delivery,,Lg,,Budget
air fryer india,Philips Air Fryer India Model 348,14376.0,4.6,2307.0,Croma,,5 Days,,Philips,,Mid-Range
men running shoes,Sony Men Running Shoes Model 458,7058.0,3.1,516.0,Reliance Digital,,2 Days,,Sony,,Mid-Range
microwave oven convection,Sony Microwave Oven Convection Model 143,27040.0,3.5,3942.0,Reliance Digital,,5 Days,,Sony,,Premium
power bank fast charging,Lg Power Bank Fast Charging Model 902,36998.0,5.0,2677.0,Reliance Digital,,Free Delivery,,Lg,,Premium
office chair ergonomic,Hp Office Chair Ergonomic Model 168,20097.0,3.5,2880.0,Croma,,2 Days,,Hp,,Premium
power bank fast charging,Dell Power Bank Fast Charging Model 817,8299.0,3.7,,Flipkart,,5 Days,,Dell,,Mid-Range
microwave oven convection,Samsung Microwave Oven Convection Model 436,38648.0,4.2,2095.0,Croma,,2 Days,,Samsung,,Premium
air fryer india,Lg Air Fryer India Model 921,16964.0,2.7,4354.0,Reliance Digital,,2 Days,,Lg,,Mid-Range
microwave oven convection,Nike Microwave Oven Convection Model 675,2014.0,3.7,1428.0,Reliance Digital,,5 Days,,Nike,,Budget
air fryer india,Dell Air Fryer India Model 399,3266.0,3.2,3596.0,Amazon,,Free Delivery,,Dell,,Budget
office chair ergonomic,Puma Office Chair Ergonomic Model 305,15697.0,3.7,1940.0,Flipkart,,2 Days,,Puma,,Mid-Range
microwave oven convection,Sony Microwave Oven Convection Model 852,4773.0,4.5,3005.0,Croma,,2 Days,,Sony,,Budget
microwave oven convection,Sony Microwave Oven Convection Model 440,4334.0,2.5,2041.0,Flipkart,,5 Days,,Sony,,Budget
air fryer india,Nike Air Fryer India Model 186,21352.0,3.3,2849.0,Croma,,5 Days,,Nike,,Premium
men running shoes,Dell Men Running Shoes Model 200,31794.0,4.0,354.0,Amazon,,2 Days,,Dell,,Premium
power bank fast charging,Hp Power Bank Fast Charging Model 577,38962.0,2.9,99.0,Croma,,2 Days,,Hp,,Premium
power bank fast charging,Dell Power Bank Fast Charging Model 966,28133.0,4.4,2950.0,Flipkart,,Free Delivery,,Dell,,Premium
office chair ergonomic,Philips Office Chair Ergonomic Model 470,37042.0,4.9,4107.0,Flipkart,,2 Days,,Philips,,Premium
power bank fast charging,Philips Power Bank Fast Charging Model 136,114690.0,3.4,2456.0,Reliance Digital,,Free Delivery,,Philips,,Luxury
men running shoes,Boat Men Running Shoes Model 839,2510.0,2.5,3356.0,Croma,,2 Days,,Boat,,Budget
power bank fast charging,Samsung Power Bank Fast Charging Model 918,41601.0,2.9,2072.0,Croma,,2 Days,,Samsung,,Premium
microwave oven convection,Dell Microwave Oven Convection Model 663,5712.0,4.2,1139.0,Amazon,,5 Days,,Dell,,Mid-Range
air fryer india,Nike Air Fryer India Model 610,39140.0,2.9,3032.0,Amazon,,Free Delivery,,Nike,,Premium
men running shoes,Nike Men Running Shoes Model 799,5743.0,3.8,1695.0,Flipkart,,5 Days,,Nike,,Mid-Range
men running shoes,Sony Men Running Shoes Model 547,2086.0,4.6,2882.0,Croma,,2 Days,,Sony,,Budget
air fryer india,Samsung Air Fryer India Model 355,43541.0,3.3,2088.0,Amazon,,5 Days,,Samsung,,Premium
office chair ergonomic,Nike Office Chair Ergonomic Model 983,2556.0,3.3,951.0,Flipkart,,Free Delivery,,Nike,,Budget
office chair ergonomic,Sony Office Chair Ergonomic Model 422,40011.0,3.9,108.0,Reliance Digital,,Free Delivery,,Sony,,Premium
office chair ergonomic,Lg Office Chair Ergonomic Model 829,48584.0,3.1,1055.0,Reliance Digital,,2 Days,,Lg,,Premium
power bank fast charging,Hp Power Bank Fast Charging Model 549,35974.0,4.0,3831.0,Amazon,,5 Days,,Hp,,Premium
men running shoes,Philips Men Running Shoes Model 919,3772.0,,1377.0,Croma,,2 Days,,Philips,,Budget
air fryer india,Sony Air Fryer India Model 331,12621.0,3.0,2262.0,Flipkart,,Free Delivery,,Sony,,Mid-Range
power bank fast charging,Lg Power Bank Fast Charging Model 220,39474.0,3.1,1988.0,Reliance Digital,,Free Delivery,,Lg,,Premium
men running shoes,Samsung Men Running Shoes Model 785,7514.0,3.1,4026.0,Reliance Digital,,5 Days,,Samsung,,Mid-Range
men running shoes,Samsung Men Running Shoes Model 174,47927.0,2.7,3938.0,Amazon,,Free Delivery,,Samsung,,Premium
men running shoes,Samsung Men Running Shoes Model 658,33900.0,4.0,458.0,Reliance Digital,,5 Days,,Samsung,,Premium
men running shoes,Sony Men Running Shoes Model 587,44061.0,,,Amazon,,2 Days,,Sony,,Premium
microwave oven convection,Hp Microwave Oven Convection Model 299,19916.0,4.6,281.0,Reliance Digital,,5 Days,,Hp,,Mid-Range
office chair ergonomic,Boat Office Chair Ergonomic Model 117,42880.0,2.6,3811.0,Flipkart,,Free Delivery,,Boat,,Premium
microwave oven convection,Nike Microwave Oven Convection Model 418,3327.0,4.4,1863.0,Flipkart,,Free Delivery,,Nike,,Budget
microwave oven convection,Samsung Microwave Oven Convection Model 738,48929.0,3.5,2114.0,Croma,,2 Days,,Samsung,,Premium
men running shoes,Samsung Men Running Shoes Model 250,18528.0,4.4,4222.0,Amazon,,2 Days,,Samsung,,Mid-Range
power bank fast charging,Hp Power Bank Fast Charging Model 312,34695.0,3.4,3977.0,Reliance Digital,,Free Delivery,,Hp,,Premium
men running shoes,Puma Men Running Shoes Model 761,23220.0,4.5,3713.0,Flipkart,,5 Days,,Puma,,Premium
air fryer india,Sony Air Fryer India Model 395,18860.0,2.6,2188.0,Flipkart,,2 Days,,Sony,,Mid-Range
men running shoes,Sony Men Running Shoes Model 654,37225.0,4.9,1798.0,Croma,,Free Delivery,,Sony,,Premium
microwave oven convection,Philips Microwave Oven Convection Model 322,38800.0,4.2,3643.0,Croma,,Free Delivery,,Philips,,Premium
office chair ergonomic,Sony Office Chair Ergonomic Model 215,395720.0,3.3,3512.0,Reliance Digital,,5 Days,,Sony,,Luxury
office chair ergonomic,Nike Office Chair Ergonomic Model 650,20379.0,4.0,1776.0,Croma,,5 Days,,Nike,,Premium
office chair ergonomic,Boat Office Chair Ergonomic Model 869,45800.0,4.5,2207.0,Reliance Digital,,5 Days,,Boat,,Premium
men running shoes,Sony Men Running Shoes Model 120,46739.0,4.6,3913.0,Amazon,,2 Days,,Sony,,Premium
microwave oven convection,Boat Microwave Oven Convection Model 324,38021.0,3.8,3188.0,Croma,,2 Days,,Boat,,Premium
microwave oven convection,Lg Microwave Oven Convection Model 315,3378.0,,1762.0,Reliance Digital,,2 Days,,Lg,,Budget
microwave oven convection,Nike Microwave Oven Convection Model 828,29703.0,2.6,3912.0,Croma,,2 Days,,Nike,,Premium
power bank fast charging,Hp Power Bank Fast Charging Model 527,30519.0,4.9,4510.0,Reliance Digital,,2 Days,,Hp,,Premium
power bank fast charging,Sony Power Bank Fast Charging Model 610,36000.0,,3800.0,Amazon,,2 Days,,Sony,,Premium
air fryer india,Dell Air Fryer India Model 578,36341.0,4.8,883.0,Flipkart,,Free Delivery,,Dell,,Premium
microwave oven convection,Boat Microwave Oven Convection Model 347,17219.0,4.9,4143.0,Reliance Digital,,5 Days,,Boat,,Mid-Range
men running shoes,Nike Men Running Shoes Model 219,34253.0,,841.0,Flipkart,,5 Days,,Nike,,Premium
microwave oven convection,Nike Microwave Oven Convection Model 250,39513.0,3.4,4537.0,Reliance Digital,,5 Days,,Nike,,Premium
air fryer india,Dell Air Fryer India Model 491,25496.0,3.4,2200.0,Reliance Digital,,2 Days,,Dell,,Premium
men running shoes,Philips Men Running Shoes Model 426,27021.0,3.8,2209.0,Amazon,,5 Days,,Philips,,Premium
office chair ergonomic,Hp Office Chair Ergonomic Model 267,46662.0,3.0,359.0,Reliance Digital,,2 Days,,Hp,,Premium
office chair ergonomic,Dell Office Chair Ergonomic Model 173,18061.0,4.3,4758.0,Flipkart,,Free Delivery,,Dell,,Mid-Range
office chair ergonomic,Samsung Office Chair Ergonomic Model 351,37724.0,2.6,3723.0,Reliance Digital,,5 Days,,Samsung,,Premium
power bank fast charging,Dell Power Bank Fast Charging Model 614,44089.0,,200.0,Flipkart,,Free Delivery,,Dell,,Premium
office chair ergonomic,Nike Office Chair Ergonomic Model 977,41365.0,3.8,1093.0,Croma,,Free Delivery,,Nike,,Premium
microwave oven convection,Lg Microwave Oven Convection Model 911,15783.0,3.8,2230.0,Amazon,,5 Days,,Lg,,Mid-Range
microwave oven convection,Hp Microwave Oven Convection Model 190,36826.0,2.5,320.0,Amazon,,5 Days,,Hp,,Premium
power bank fast charging,Philips Power Bank Fast Charging Model 994,36273.0,3.6,1514.0,Reliance Digital,,5 Days,,Philips,,Premium
office chair ergonomic,Samsung Office Chair Ergonomic Model 796,7217.0,4.3,4830.0,Reliance Digital,,2 Days,,Samsung,,Mid-Range
men running shoes,Samsung Men Running Shoes Model 565,33380.0,2.6,2274.0,Reliance Digital,,5 Days,,Samsung,,Premium
power bank fast charging,Philips Power Bank Fast Charging Model 567,42951.0,4.2,2692.0,Reliance Digital,,5 Days,,Philips,,Premium
office chair ergonomic,Nike Office Chair Ergonomic Model 620,23961.0,3.7,913.0,Reliance Digital,,Free Delivery,,Nike,,Premium
power bank fast charging,Philips Power Bank Fast Charging Model 275,49516.0,4.7,571.0,Croma,,Free Delivery,,Philips,,Premium
office chair ergonomic,Boat Office Chair Ergonomic Model 912,13315.0,2.7,3479.0,Amazon,,2 Days,,Boat,,Mid-Range
men running shoes,Hp Men Running Shoes Model 889,46591.0,5.0,4088.0,Flipkart,,5 Days,,Hp,,Premium
microwave oven convection,Philips Microwave Oven Convection Model 811,265610.0,4.3,4360.0,Croma,,2 Days,,Philips,,Luxury
air fryer india,Philips Air Fryer India Model 811,24354.0,2.7,3500.0,Reliance Digital,,2 Days,,Philips,,Premium
microwave oven convection,Puma Microwave Oven Convection Model 599,25806.0,4.3,2331.0,Flipkart,,Free Delivery,,Puma,,Premium
air fryer india,Hp Air Fryer India Model 506,5202.0,3.6,2195.0,Croma,,2 Days,,Hp,,Mid-Range
microwave oven convection,Samsung Microwave Oven Convection Model 571,10268.0,4.7,3228.0,Flipkart,,2 Days,,Samsung,,Mid-Range
air fryer india,Hp Air Fryer India Model 838,47909.0,4.6,2214.0,Amazon,,5 Days,,Hp,,Premium
air fryer india,Puma Air Fryer India Model 766,5958.0,3.4,494.0,Flipkart,,2 Days,,Puma,,Mid-Range
men running shoes,Dell Men Running Shoes Model 874,10730.0,2.5,1422.0,Reliance Digital,,2 Days,,Dell,,Mid-Range
men running shoes,Philips Men Running Shoes Model 202,14611.0,2.7,4839.0,Croma,,Free Delivery,,Philips,,Mid-Range
power bank fast charging,Boat Power Bank Fast Charging Model 718,32604.0,3.8,2491.0,Croma,,Free Delivery,,Boat,,Premium
men running shoes,Philips Men Running Shoes Model 793,9884.0,3.1,1285.0,Croma,,Free Delivery,,Philips,,Mid-Range
office chair ergonomic,Dell Office Chair Ergonomic Model 304,19464.0,,1826.0,Amazon,,5 Days,,Dell,,Mid-Range
microwave oven convection,Boat Microwave Oven Convection Model 657,37648.0,3.6,249.0,Croma,,2 Days,,Boat,,Premium
office chair ergonomic,Samsung Office Chair Ergonomic Model 705,42565.0,,1017.0,Amazon,,Free Delivery,,Samsung,,Premium
power bank fast charging,Lg Power Bank Fast Charging Model 718,39901.0,3.2,2296.0,Reliance Digital,,5 Days,,Lg,,Premium
power bank fast charging,Dell Power Bank Fast Charging Model 936,45006.0,4.1,3694.0,Flipkart,,5 Days,,Dell,,Premium
microwave oven convection,Puma Microwave Oven Convection Model 435,13475.0,4.5,1862.0,Amazon,,Free Delivery,,Puma,,Mid-Range
power bank fast charging,Hp Power Bank Fast Charging Model 544,2627.0,4.7,512.0,Amazon,,Free Delivery,,Hp,,Budget
office chair ergonomic,Boat Office Chair Ergonomic Model 509,7810.0,2.9,3143.0,Croma,,2 Days,,Boat,,Mid-Range
power bank fast charging,Nike Power Bank Fast Charging Model 863,39057.0,4.1,1310.0,Reliance Digital,,5 Days,,Nike,,Premium
microwave oven convection,Nike Microwave Oven Convection Model 798,13302.0,3.0,4736.0,Croma,,Free Delivery,,Nike,,Mid-Range
office chair ergonomic,Lg Office Chair Ergonomic Model 482,27778.0,3.7,1253.0,Flipkart,,2 Days,,Lg,,Premium
men running shoes,Dell Men Running Shoes Model 980,26143.0,4.3,3563.0,Amazon,,Free Delivery,,Dell,,Premium
men running shoes,Samsung Men Running Shoes Model 804,37654.0,2.9,4091.0,Reliance Digital,,5 Days,,Samsung,,Premium
power bank fast charging,Lg Power Bank Fast Charging Model 629,17478.0,3.8,835.0,Reliance Digital,,2 Days,,Lg,,Mid-Range
air fryer india,Puma Air Fryer India Model 888,32658.0,3.4,3151.0,Reliance Digital,,Free Delivery,,Puma,,Premium
power bank fast charging,Sony Power Bank Fast Charging Model 453,33355.0,3.6,1888.0,Amazon,,5 Days,,Sony,,Premium
air fryer india,Sony Air Fryer India Model 957,39483.0,3.6,3781.0,Flipkart,,2 Days,,Sony,,Premium
air fryer india,Dell Air Fryer India Model 753,6992.0,4.4,1002.0,Flipkart,,2 Days,,Dell,,Mid-Range
office chair ergonomic,Sony Office Chair Ergonomic Model 657,41830.0,3.5,660.0,Reliance Digital,,2 Days,,Sony,,Premium
microwave oven convection,Sony Microwave Oven Convection Model 482,7782.0,3.3,2054.0,Croma,,2 Days,,Sony,,Mid-Range
office chair ergonomic,Philips Office Chair Ergonomic Model 414,12081.0,3.2,1965.0,Amazon,,Free Delivery,,Philips,,Mid-Range
men running shoes,Sony Men Running Shoes Model 620,27675.0,2.8,2671.0,Flipkart,,2 Days,,Sony,,Premium
men running shoes,Lg Men Running Shoes Model 675,8539.0,2.8,1189.0,Reliance Digital,,2 Days,,Lg,,Mid-Range
office chair ergonomic,Nike Office Chair Ergonomic Model 213,38033.0,3.0,2660.0,Croma,,Free Delivery,,Nike,,Premium
microwave oven convection,Hp Microwave Oven Convection Model 317,36440.0,3.3,3468.0,Reliance Digital,,Free Delivery,,Hp,,Premium
office chair ergonomic,Nike Office Chair Ergonomic Model 206,7079.0,3.8,3238.0,Amazon,,Free Delivery,,Nike,,Mid-Range
office chair ergonomic,Lg Office Chair Ergonomic Model 859,44020.0,3.4,4622.0,Reliance Digital,,Free Delivery,,Lg,,Premium
power bank fast charging,Hp Power Bank Fast Charging Model 880,48374.0,,2179.0,Reliance Digital,,2 Days,,Hp,,Premium
office chair ergonomic,Nike Office Chair Ergonomic Model 716,6599.0,4.4,1617.0,Flipkart,,Free Delivery,,Nike,,Mid-Range
men running shoes,Nike Men Running Shoes Model 830,14871.0,4.6,187.0,Amazon,,2 Days,,Nike,,Mid-Range
office chair ergonomic,Boat Office Chair Ergonomic Model 688,2783.0,3.1,1997.0,Reliance Digital,,5 Days,,Boat,,Budget
power bank fast charging,Philips Power Bank Fast Charging Model 262,20128.0,4.6,1331.0,Reliance Digital,,2 Days,,Philips,,Premium
power bank fast charging,Boat Power Bank Fast Charging Model 942,42017.0,3.2,4463.0,Reliance Digital,,Free Delivery,,Boat,,Premium
air fryer india,Dell Air Fryer India Model 679,41000.0,3.0,4008.0,Flipkart,,Free Delivery,,Dell,,Premium
air fryer india,Sony Air Fryer India Model 449,37450.0,2.6,4046.0,Reliance Digital,,Free Delivery,,Sony,,Premium
air fryer india,Samsung Air Fryer India Model 811,8748.0,3.9,,Amazon,,2 Days,,Samsung,,Mid-Range
microwave oven convection,Boat Microwave Oven Convection Model 555,40310.0,3.7,,Croma,,5 Days,,Boat,,Premium
power bank fast charging,Sony Power Bank Fast Charging Model 485,14257.0,3.3,4586.0,Flipkart,,5 Days,,Sony,,Mid-Range
office chair ergonomic,Boat Office Chair Ergonomic Model 957,30490.0,2.9,4951.0,Flipkart,,5 Days,,Boat,,Premium
power bank fast charging,Philips Power Bank Fast Charging Model 713,33479.0,3.5,1868.0,Croma,,5 Days,,Philips,,Premium
men running shoes,Philips Men Running Shoes Model 197,16859.0,2.9,3991.0,Amazon,,5 Days,,Philips,,Mid-Range
men running shoes,Boat Men Running Shoes Model 599,38659.0,4.1,3508.0,Flipkart,,5 Days,,Boat,,Premium
men running shoes,Hp Men Running Shoes Model 842,36141.0,4.4,523.0,Croma,,2 Days,,Hp,,Premium
office chair ergonomic,Dell Office Chair Ergonomic Model 675,39908.0,,1019.0,Amazon,,2 Days,,Dell,,Premium
microwave oven convection,Dell Microwave Oven Convection Model 991,2702.0,4.1,1510.0,Amazon,,Free Delivery,,Dell,,Budget
office chair ergonomic,Dell Office Chair Ergonomic Model 968,27549.0,3.7,1702.0,Amazon,,2 Days,,Dell,,Premium
office chair ergonomic,Philips Office Chair Ergonomic Model 629,32891.0,,2641.0,Flipkart,,Free Delivery,,Philips,,Premium
microwave oven convection,Hp Microwave Oven Convection Model 573,31490.0,3.1,3081.0,Amazon,,2 Days,,Hp,,Premium
men running shoes,Lg Men Running Shoes Model 141,4134.0,3.5,2553.0,Reliance Digital,,2 Days,,Lg,,Budget
men running shoes,Lg Men Running Shoes Model 731,48627.0,4.0,2347.0,Reliance Digital,,2 Days,,Lg,,Premium
microwave oven convection,Sony Microwave Oven Convection Model 676,41297.0,4.3,2957.0,Croma,,5 Days,,Sony,,Premium
men running shoes,Boat Men Running Shoes Model 946,39259.0,3.6,3308.0,Amazon,,2 Days,,Boat,,Premium
men running shoes,Dell Men Running Shoes Model 200,4014.0,3.4,3811.0,Flipkart,,2 Days,,Dell,,Budget
power bank fast charging,Samsung Power Bank Fast Charging Model 878,9900.0,3.4,3076.0,Croma,,5 Days,,Samsung,,Mid-Range
air fryer india,Nike Air Fryer India Model 258,7313.0,4.8,4820.0,Amazon,,5 Days,,Nike,,Mid-Range
men running shoes,Dell Men Running Shoes Model 244,23673.0,4.5,3927.0,Croma,,2 Days,,Dell,,Premium
men running shoes,Hp Men Running Shoes Model 771,21140.0,3.7,2215.0,Amazon,,5 Days,,Hp,,Premium
microwave oven convection,Boat Microwave Oven Convection Model 219,19893.0,3.5,3165.0,Amazon,,5 Days,,Boat,,Mid-Range
microwave oven convection,Dell Microwave Oven Convection Model 150,29474.0,2.5,3901.0,Croma,,2 Days,,Dell,,Premium
microwave oven convection,Lg Microwave Oven Convection Model 304,23499.0,2.6,4843.0,Amazon,,2 Days,,Lg,,Premium
air fryer india,Dell Air Fryer India Model 406,580.0,5.0,4288.0,Reliance Digital,,Free Delivery,,Dell,,Budget
power bank fast charging,Samsung Power Bank Fast Charging Model 292,2027.0,5.0,939.0,Amazon,,5 Days,,Samsung,,Budget
office chair ergonomic,Lg Office Chair Ergonomic Model 239,38994.0,3.0,2868.0,Reliance Digital,,5 Days,,Lg,,Premium
office chair ergonomic,Philips Office Chair Ergonomic Model 666,31575.0,5.0,1871.0,Reliance Digital,,2 Days,,Philips,,Premium
microwave oven convection,Hp Microwave Oven Convection Model 268,3182.0,3.3,278.0,Flipkart,,Free Delivery,,Hp,,Budget
men running shoes,Philips Men Running Shoes Model 842,33315.0,3.7,1768.0,Amazon,,Free Delivery,,Philips,,Premium
office chair ergonomic,Samsung Office Chair Ergonomic Model 950,41261.0,4.0,808.0,Flipkart,,5 Days,,Samsung,,Premium
power bank fast charging,Hp Power Bank Fast Charging Model 514,23139.0,3.5,3129.0,Amazon,,2 Days,,Hp,,Premium
power bank fast charging,Boat Power Bank Fast Charging Model 872,41853.0,3.9,762.0,Amazon,,2 Days,,Boat,,Premium
microwave oven convection,Puma Microwave Oven Convection Model 666,12418.0,3.5,4483.0,Reliance Digital,,Free Delivery,,Puma,,Mid-Range
air fryer india,Nike Air Fryer India Model 114,509.0,,3324.0,Reliance Digital,,2 Days,,Nike,,Budget
air fryer india,Dell Air Fryer India Model 326,21328.0,4.5,2894.0,Amazon,,2 Days,,Dell,,Premium
office chair ergonomic,Puma Office Chair Ergonomic Model 149,48111.0,4.1,96.0,Croma,,Free Delivery,,Puma,,Premium
microwave oven convection,Nike Microwave Oven Convection Model 989,33750.0,3.1,4457.0,Reliance Digital,,Free Delivery,,Nike,,Premium
microwave oven convection,Puma Microwave Oven Convection Model 243,7911.0,4.3,3020.0,Reliance Digital,,2 Days,,Puma,,Mid-Range
power bank fast charging,Boat Power Bank Fast Charging Model 254,4855.0,4.8,2336.0,Reliance Digital,,Free Delivery,,Boat,,Budget
microwave oven convection,Philips Microwave Oven Convection Model 132,110800.0,3.8,4460.0,Croma,,Free Delivery,,Philips,,Luxury
office chair ergonomic,Dell Office Chair Ergonomic Model 448,44077.0,5.0,4078.0,Flipkart,,Free Delivery,,Dell,,Premium
office chair ergonomic,Philips Office Chair Ergonomic Model 849,5498.0,2.9,1932.0,Amazon,,Free Delivery,,Philips,,Mid-Range
office chair ergonomic,Philips Office Chair Ergonomic Model 137,10015.0,,2426.0,Flipkart,,Free Delivery,,Philips,,Mid-Range
men running shoes,Puma Men Running Shoes Model 575,24405.0,3.2,3131.0,Reliance Digital,,Free Delivery,,Puma,,Premium
men running shoes,Lg Men Running Shoes Model 503,13904.0,3.7,3400.0,Croma,,2 Days,,Lg,,Mid-Range
air fryer india,Hp Air Fryer India Model 491,12698.0,,3540.0,Reliance Digital,,Free Delivery,,Hp,,Mid-Range
men running shoes,Dell Men Running Shoes Model 997,12597.0,4.2,3096.0,Amazon,,5 Days,,Dell,,Mid-Range
microwave oven convection,Lg Microwave Oven Convection Model 638,4845.0,4.5,2320.0,Croma,,5 Days,,Lg,,Budget
power bank fast charging,Dell Power Bank Fast Charging Model 238,15091.0,4.1,1955.0,Croma,,Free Delivery,,Dell,,Mid-Range
office chair ergonomic,Lg Office Chair Ergonomic Model 100,7656.0,4.7,778.0,Croma,,5 Days,,Lg,,Mid-Range
air fryer india,Nike Air Fryer India Model 886,242370.0,4.7,745.0,Flipkart,,5 Days,,Nike,,Luxury
air fryer india,Lg Air Fryer India Model 521,3501.0,2.7,4874.0,Flipkart,,2 Days,,Lg,,Budget
office chair ergonomic,Samsung Office Chair Ergonomic Model 134,2841.0,3.7,3132.0,Croma,,5 Days,,Samsung,,Budget
men running shoes,Philips Men Running Shoes Model 661,4516.0,4.6,1771.0,Flipkart,,2 Days,,Philips,,Budget
microwave oven convection,Puma Microwave Oven Convection Model 387,27730.0,2.7,3521.0,Croma,,5 Days,,Puma,,Premium
air fryer india,Philips Air Fryer India Model 575,1010.0,3.3,2030.0,Flipkart,,2 Days,,Philips,,Budget
power bank fast charging,Hp Power Bank Fast Charging Model 829,21387.0,3.4,3884.0,Reliance Digital,,5 Days,,Hp,,Premium
microwave oven convection,Sony Microwave Oven Convection Model 479,229950.0,4.3,594.0,Reliance Digital,,Free Delivery,,Sony,,Luxury
office chair ergonomic,Hp Office Chair Ergonomic Model 981,10915.0,3.5,2068.0,Amazon,,Free Delivery,,Hp,,Mid-Range
power bank fast charging,Hp Power Bank Fast Charging Model 839,37507.0,,574.0,Flipkart,,2 Days,,Hp,,Premium
air fryer india,Boat Air Fryer India Model 227,31390.0,2.8,1021.0,Flipkart,,Free Delivery,,Boat,,Premium
power bank fast charging,Hp Power Bank Fast Charging Model 322,22563.0,4.2,658.0,Croma,,Free Delivery,,Hp,,Premium
microwave oven convection,Nike Microwave Oven Convection Model 591,23074.0,4.1,4557.0,Flipkart,,2 Days,,Nike,,Premium
office chair ergonomic,Puma Office Chair Ergonomic Model 795,32346.0,,15.0,Flipkart,,5 Days,,Puma,,Premium
microwave oven convection,Hp Microwave Oven Convection Model 801,1014.0,4.8,556.0,Flipkart,,5 Days,,Hp,,Budget
office chair ergonomic,Samsung Office Chair Ergonomic Model 182,21133.0,2.9,2149.0,Reliance Digital,,5 Days,,Samsung,,Premium
air fryer india,Puma Air Fryer India Model 123,40736.0,4.9,4282.0,Amazon,,Free Delivery,,Puma,,Premium
air fryer india,Samsung Air Fryer India Model 923,20041.0,4.6,1686.0,Reliance Digital,,Free Delivery,,Samsung,,Premium
office chair ergonomic,Dell Office Chair Ergonomic Model 771,27544.0,4.4,923.0,Flipkart,,5 Days,,Dell,,Premium
air fryer india,Samsung Air Fryer India Model 992,27560.0,4.8,982.0,Flipkart,,Free Delivery,,Samsung,,Premium
office chair ergonomic,Lg Office Chair Ergonomic Model 452,44069.0,4.5,563.0,Reliance Digital,,2 Days,,Lg,,Premium
men running shoes,Dell Men Running Shoes Model 605,5013.0,,511.0,Flipkart,,Free Delivery,,Dell,,Mid-Range
power bank fast charging,Philips Power Bank Fast Charging Model 289,13988.0,3.7,694.0,Croma,,2 Days,,Philips,,Mid-Range
men running shoes,Samsung Men Running Shoes Model 544,10486.0,2.7,2100.0,Reliance Digital,,5 Days,,Samsung,,Mid-Range
air fryer india,Puma Air Fryer India Model 487,24376.0,2.7,2426.0,Croma,,2 Days,,Puma,,Premium
office chair ergonomic,Puma Office Chair Ergonomic Model 894,16173.0,,3831.0,Reliance Digital,,5 Days,,Puma,,Mid-Range
men running shoes,Dell Men Running Shoes Model 708,21749.0,4.4,3471.0,Croma,,2 Days,,Dell,,Premium
air fryer india,Dell Air Fryer India Model 411,2793.0,4.1,804.0,Flipkart,,Free Delivery,,Dell,,Budget
air fryer india,Samsung Air Fryer India Model 307,28309.0,,2822.0,Reliance Digital,,5 Days,,Samsung,,Premium
microwave oven convection,Lg Microwave Oven Convection Model 544,41392.0,4.9,4441.0,Reliance Digital,,Free Delivery,,Lg,,Premium
men running shoes,Dell Men Running Shoes Model 229,49252.0,2.5,612.0,Croma,,Free Delivery,,Dell,,Premium
power bank fast charging,Hp Power Bank Fast Charging Model 954,18558.0,3.1,2253.0,Flipkart,,5 Days,,Hp,,Mid-Range
men running shoes,Samsung Men Running Shoes Model 521,15845.0,3.7,1366.0,Reliance Digital,,5 Days,,Samsung,,Mid-Range
microwave oven convection,Nike Microwave Oven Convection Model 578,42039.0,2.9,3804.0,Reliance Digital,,5 Days,,Nike,,Premium
air fryer india,Hp Air Fryer India Model 965,21550.0,,3219.0,Reliance Digital,,5 Days,,Hp,,Premium
air fryer india,Boat Air Fryer India Model 677,31799.0,4.5,1392.0,Flipkart,,2 Days,,Boat,,Premium
air fryer india,Hp Air Fryer India Model 976,12662.0,,1032.0,Flipkart,,5 Days,,Hp,,Mid-Range
power bank fast charging,Lg Power Bank Fast Charging Model 916,36164.0,4.2,582.0,Croma,,5 Days,,Lg,,Premium
air fryer india,Boat Air Fryer India Model 950,35032.0,3.9,2261.0,Reliance Digital,,2 Days,,Boat,,Premium
men running shoes,Lg Men Running Shoes Model 509,320280.0,2.9,3271.0,Amazon,,Free Delivery,,Lg,,Luxury
office chair ergonomic,Nike Office Chair Ergonomic Model 411,11726.0,4.3,3164.0,Croma,,5 Days,,Nike,,Mid-Range
office chair ergonomic,Boat Office Chair Ergonomic Model 710,8682.0,4.5,3068.0,Flipkart,,Free Delivery,,Boat,,Mid-Range
men running shoes,Lg Men Running Shoes Model 951,32489.0,4.7,1071.0,Croma,,2 Days,,Lg,,Premium
microwave oven convection,Lg Microwave Oven Convection Model 223,16266.0,2.6,841.0,Flipkart,,2 Days,,Lg,,Mid-Range
microwave oven convection,Sony Microwave Oven Convection Model 208,3190.0,3.7,3485.0,Reliance Digital,,Free Delivery,,Sony,,Budget
power bank fast charging,Hp Power Bank Fast Charging Model 782,32123.0,2.6,4498.0,Croma,,Free Delivery,,Hp,,Premium
office chair ergonomic,Philips Office Chair Ergonomic Model 947,11703.0,4.5,1804.0,Flipkart,,Free Delivery,,Philips,,Mid-Range
microwave oven convection,Boat Microwave Oven Convection Model 156,22013.0,4.8,,Croma,,2 Days,,Boat,,Premium
air fryer india,Puma Air Fryer India Model 830,45999.0,3.3,2092.0,Reliance Digital,,Free Delivery,,Puma,,Premium
office chair ergonomic,Nike Office Chair Ergonomic Model 711,39769.0,4.9,1513.0,Reliance Digital,,Free Delivery,,Nike,,Premium
air fryer india,Puma Air Fryer India Model 299,13953.0,3.8,762.0,Flipkart,,Free Delivery,,Puma,,Mid-Range
air fryer india,Boat Air Fryer India Model 191,1312.0,4.3,3015.0,Croma,,Free Delivery,,Boat,,Budget
air fryer india,Puma Air Fryer India Model 989,286470.0,4.3,176.0,Amazon,,Free Delivery,,Puma,,Luxury
men running shoes,Puma Men Running Shoes Model 682,31925.0,4.1,504.0,Flipkart,,5 Days,,Puma,,Premium
power bank fast charging,Puma Power Bank Fast Charging Model 955,25138.0,4.7,1783.0,Amazon,,2 Days,,Puma,,Premium
air fryer india,Dell Air Fryer India Model 426,25678.0,4.1,3123.0,Flipkart,,Free Delivery,,Dell,,Premium
office chair ergonomic,Puma Office Chair Ergonomic Model 306,238330.0,2.6,293.0,Flipkart,,5 Days,,Puma,,Luxury
office chair ergonomic,Philips Office Chair Ergonomic Model 358,27382.0,4.2,2911.0,Amazon,,5 Days,,Philips,,Premium
power bank fast charging,Dell Power Bank Fast Charging Model 384,48358.0,2.9,3901.0,Flipkart,,2 Days,,Dell,,Premium
microwave oven convection,Dell Microwave Oven Convection Model 261,29727.0,4.5,729.0,Croma,,2 Days,,Dell,,Premium
men running shoes,Hp Men Running Shoes Model 580,461640.0,4.0,3916.0,Amazon,,2 Days,,Hp,,Luxury
power bank fast charging,Nike Power Bank Fast Charging Model 349,40721.0,3.6,2624.0,Croma,,Free Delivery,,Nike,,Premium
office chair ergonomic,Dell Office Chair Ergonomic Model 197,5177.0,3.6,764.0,Croma,,Free Delivery,,Dell,,Mid-Range
air fryer india,Sony Air Fryer India Model 541,36843.0,5.0,3896.0,Reliance Digital,,Free Delivery,,Sony,,Premium
office chair ergonomic,Samsung Office Chair Ergonomic Model 914,39692.0,2.5,3206.0,Reliance Digital,,2 Days,,Samsung,,Premium
air fryer india,Lg Air Fryer India Model 715,137250.0,2.9,3483.0,Reliance Digital,,Free Delivery,,Lg,,Luxury
microwave oven convection,Puma Microwave Oven Convection Model 932,43698.0,4.6,933.0,Croma,,5 Days,,Puma,,Premium
office chair ergonomic,Sony Office Chair Ergonomic Model 161,45347.0,4.5,1603.0,Amazon,,5 Days,,Sony,,Premium
microwave oven convection,Lg Microwave Oven Convection Model 410,22679.0,,2444.0,Reliance Digital,,Free Delivery,,Lg,,Premium
office chair ergonomic,Lg Office Chair Ergonomic Model 829,48662.0,4.2,771.0,Amazon,,2 Days,,Lg,,Premium
power bank fast charging,Nike Power Bank Fast Charging Model 179,27819.0,4.4,4685.0,Croma,,5 Days,,Nike,,Premium
air fryer india,Lg Air Fryer India Model 766,14150.0,3.9,4540.0,Flipkart,,5 Days,,Lg,,Mid-Range
air fryer india,Lg Air Fryer India Model 734,12278.0,3.7,3022.0,Flipkart,,Free Delivery,,Lg,,Mid-Range
men running shoes,Boat Men Running Shoes Model 957,45374.0,4.5,4979.0,Reliance Digital,,2 Days,,Boat,,Premium
office chair ergonomic,Nike Office Chair Ergonomic Model 597,4149.0,3.6,2704.0,Reliance Digital,,5 Days,,Nike,,Budget
office chair ergonomic,Sony Office Chair Ergonomic Model 529,26090.0,4.7,2527.0,Flipkart,,2 Days,,Sony,,Premium
microwave oven convection,Nike Microwave Oven Convection Model 978,12578.0,2.7,788.0,Flipkart,,2 Days,,Nike,,Mid-Range
power bank fast charging,Samsung Power Bank Fast Charging Model 302,289730.0,3.3,1230.0,Croma,,Free Delivery,,Samsung,,Luxury
microwave oven convection,Hp Microwave Oven Convection Model 563,25389.0,3.8,1359.0,Flipkart,,Free Delivery,,Hp,,Premium
office chair ergonomic,Boat Office Chair Ergonomic Model 391,3892.0,2.8,1107.0,Reliance Digital,,Free Delivery,,Boat,,Budget
men running shoes,Puma Men Running Shoes Model 181,14503.0,3.3,259.0,Amazon,,5 Days,,Puma,,Mid-Range
office chair ergonomic,Nike Office Chair Ergonomic Model 138,33684.0,4.1,4006.0,Croma,,5 Days,,Nike,,Premium
men running shoes,Boat Men Running Shoes Model 131,4525.0,4.3,60.0,Amazon,,Free Delivery,,Boat,,Budget
air fryer india,Philips Air Fryer India Model 708,39908.0,3.6,3101.0,Croma,,2 Days,,Philips,,Premium
microwave oven convection,Hp Microwave Oven Convection Model 837,11861.0,4.4,1200.0,Amazon,,Free Delivery,,Hp,,Mid-Range
air fryer india,Philips Air Fryer India Model 898,1480.0,4.4,4269.0,Croma,,Free Delivery,,Philips,,Budget
power bank fast charging,Lg Power Bank Fast Charging Model 917,28909.0,4.2,589.0,Reliance Digital,,2 Days,,Lg,,Premium
power bank fast charging,Lg Power Bank Fast Charging Model 462,35863.0,2.6,3980.0,Amazon,,2 Days,,Lg,,Premium
air fryer india,Lg Air Fryer India Model 363,10393.0,3.5,3600.0,Croma,,2 Days,,Lg,,Mid-Range
power bank fast charging,Samsung Power Bank Fast Charging Model 274,40982.0,2.7,1415.0,Flipkart,,Free Delivery,,Samsung,,Premium
office chair ergonomic,Samsung Office Chair Ergonomic Model 666,4203.0,4.0,3908.0,Croma,,5 Days,,Samsung,,Budget
men running shoes,Lg Men Running Shoes Model 798,14557.0,4.2,4101.0,Flipkart,,Free Delivery,,Lg,,Mid-Range
men running shoes,Hp Men Running Shoes Model 164,25568.0,3.8,2404.0,Croma,,2 Days,,Hp,,Premium
air fryer india,Hp Air Fryer India Model 122,3007.0,3.0,798.0,Flipkart,,Free Delivery,,Hp,,Budget
power bank fast charging,Nike Power Bank Fast Charging Model 647,21053.0,3.9,3385.0,Amazon,,2 Days,,Nike,,Premium
power bank fast charging,Nike Power Bank Fast Charging Model 586,42301.0,4.6,1978.0,Flipkart,,Free Delivery,,Nike,,Premium
power bank fast charging,Hp Power Bank Fast Charging Model 169,12817.0,4.8,3939.0,Flipkart,,2 Days,,Hp,,Mid-Range
air fryer india,Lg Air Fryer India Model 148,42752.0,4.7,304.0,Amazon,,2 Days,,Lg,,Premium
office chair ergonomic,Lg Office Chair Ergonomic Model 379,44740.0,2.5,4236.0,Reliance Digital,,2 Days,,Lg,,Premium
microwave oven convection,Philips Microwave Oven Convection Model 925,26739.0,4.8,461.0,Reliance Digital,,2 Days,,Philips,,Premium
power bank fast charging,Nike Power Bank Fast Charging Model 403,40193.0,4.9,4205.0,Amazon,,Free Delivery,,Nike,,Premium
office chair ergonomic,Hp Office Chair Ergonomic Model 389,12474.0,5.0,1626.0,Amazon,,5 Days,,Hp,,Mid-Range
office chair ergonomic,Sony Office Chair Ergonomic Model 476,49990.0,4.9,1424.0,Croma,,2 Days,,Sony,,Premium
men running shoes,Lg Men Running Shoes Model 597,6967.0,,1700.0,Reliance Digital,,2 Days,,Lg,,Mid-Range
office chair ergonomic,Puma Office Chair Ergonomic Model 150,3938.0,3.3,270.0,Amazon,,Free Delivery,,Puma,,Budget
office chair ergonomic,Boat Office Chair Ergonomic Model 756,405890.0,,665.0,Amazon,,2 Days,,Boat,,Luxury
office chair ergonomic,Philips Office Chair Ergonomic Model 378,34748.0,3.6,3627.0,Flipkart,,2 Days,,Philips,,Premium
microwave oven convection,Puma Microwave Oven Convection Model 455,12233.0,2.6,129.0,Flipkart,,2 Days,,Puma,,Mid-Range
office chair ergonomic,Samsung Office Chair Ergonomic Model 472,98570.0,,3938.0,Amazon,,2 Days,,Samsung,,Luxury
microwave oven convection,Lg Microwave Oven Convection Model 764,41983.0,4.7,1505.0,Flipkart,,2 Days,,Lg,,Premium
power bank fast charging,Sony Power Bank Fast Charging Model 327,24058.0,4.6,251.0,Croma,,5 Days,,Sony,,Premium
microwave oven convection,Puma Microwave Oven Convection Model 155,13333.0,5.0,14.0,Reliance Digital,,5 Days,,Puma,,Mid-Range
air fryer india,Lg Air Fryer India Model 541,21052.0,2.8,3250.0,Amazon,,2 Days,,Lg,,Premium
power bank fast charging,Puma Power Bank Fast Charging Model 349,28673.0,4.0,1584.0,Amazon,,2 Days,,Puma,,Premium
air fryer india,Boat Air Fryer India Model 971,12775.0,4.0,2898.0,Reliance Digital,,Free Delivery,,Boat,,Mid-Range
office chair ergonomic,Samsung Office Chair Ergonomic Model 195,1336.0,4.2,3413.0,Flipkart,,Free Delivery,,Samsung,,Budget
office chair ergonomic,Boat Office Chair Ergonomic Model 668,1919.0,2.9,1430.0,Croma,,2 Days,,Boat,,Budget
microwave oven convection,Dell Microwave Oven Convection Model 232,49064.0,4.5,1963.0,Croma,,5 Days,,Dell,,Premium
office chair ergonomic,Samsung Office Chair Ergonomic Model 196,45448.0,3.1,465.0,Reliance Digital,,Free Delivery,,Samsung,,Premium
men running shoes,Nike Men Running Shoes Model 539,22398.0,2.7,685.0,Flipkart,,2 Days,,Nike,,Premium
microwave oven convection,Philips Microwave Oven Convection Model 148,402890.0,3.8,4840.0,Reliance Digital,,Free Delivery,,Philips,,Luxury
office chair ergonomic,Samsung Office Chair Ergonomic Model 959,11870.0,3.4,3887.0,Flipkart,,5 Days,,Samsung,,Mid-Range
office chair ergonomic,Samsung Office Chair Ergonomic Model 750,24312.0,4.6,1105.0,Amazon,,2 Days,,Samsung,,Premium
men running shoes,Lg Men Running Shoes Model 770,34889.0,3.4,51.0,Amazon,,5 Days,,Lg,,Premium
air fryer india,Hp Air Fryer India Model 401,37436.0,,2306.0,Croma,,5 Days,,Hp,,Premium
office chair ergonomic,Dell Office Chair Ergonomic Model 783,10831.0,2.8,547.0,Croma,,2 Days,,Dell,,Mid-Range
power bank fast charging,Dell Power Bank Fast Charging Model 326,12582.0,4.4,3935.0,Amazon,,5 Days,,Dell,,Mid-Range
microwave oven convection,Puma Microwave Oven Convection Model 288,49325.0,4.8,1563.0,Amazon,,Free Delivery,,Puma,,Premium
microwave oven convection,Dell Microwave Oven Convection Model 714,26693.0,4.9,3601.0,Croma,,Free Delivery,,Dell,,Premium
men running shoes,Nike Men Running Shoes Model 627,31099.0,3.8,3192.0,Reliance Digital,,2 Days,,Nike,,Premium
air fryer india,Lg Air Fryer India Model 297,48610.0,3.4,1148.0,Reliance Digital,,5 Days,,Lg,,Premium
power bank fast charging,Puma Power Bank Fast Charging Model 354,239860.0,,3870.0,Flipkart,,2 Days,,Puma,,Luxury
men running shoes,Samsung Men Running Shoes Model 646,31537.0,4.0,2188.0,Flipkart,,Free Delivery,,Samsung,,Premium
office chair ergonomic,Philips Office Chair Ergonomic Model 759,40305.0,3.9,4930.0,Croma,,2 Days,,Philips,,Premium
microwave oven convection,Samsung Microwave Oven Convection Model 305,49682.0,4.2,4064.0,Reliance Digital,,Free Delivery,,Samsung,,Premium
men running shoes,Boat Men Running Shoes Model 740,18123.0,4.5,1799.0,Reliance Digital,,5 Days,,Boat,,Mid-Range
power bank fast charging,Philips Power Bank Fast Charging Model 373,31026.0,4.5,,Reliance Digital,,2 Days,,Philips,,Premium
power bank fast charging,Philips Power Bank Fast Charging Model 481,3252.0,4.4,4842.0,Amazon,,Free Delivery,,Philips,,Budget
power bank fast charging,Hp Power Bank Fast Charging Model 232,6725.0,3.9,800.0,Flipkart,,Free Delivery,,Hp,,Mid-Range
air fryer india,Dell Air Fryer India Model 476,19141.0,4.1,4829.0,Amazon,,Free Delivery,,Dell,,Mid-Range
microwave oven convection,Boat Microwave Oven Convection Model 294,14590.0,4.1,877.0,Flipkart,,5 Days,,Boat,,Mid-Range
office chair ergonomic,Nike Office Chair Ergonomic Model 378,8156.0,4.8,1246.0,Croma,,5 Days,,Nike,,Mid-Range
men running shoes,Samsung Men Running Shoes Model 613,13410.0,2.9,1987.0,Reliance Digital,,2 Days,,Samsung,,Mid-Range
men running shoes,Boat Men Running Shoes Model 506,27212.0,3.1,797.0,Croma,,2 Days,,Boat,,Premium
men running shoes,Dell Men Running Shoes Model 106,30345.0,4.7,1355.0,Amazon,,Free Delivery,,Dell,,Premium
air fryer india,Hp Air Fryer India Model 726,40524.0,4.7,95.0,Flipkart,,Free Delivery,,Hp,,Premium
microwave oven convection,Nike Microwave Oven Convection Model 140,2510.0,4.5,4517.0,Croma,,Free Delivery,,Nike,,Budget
men running shoes,Puma Men Running Shoes Model 934,42736.0,3.8,500.0,Amazon,,5 Days,,Puma,,Premium
air fryer india,Boat Air Fryer India Model 433,30954.0,4.2,746.0,Amazon,,5 Days,,Boat,,Premium
power bank fast charging,Dell Power Bank Fast Charging Model 185,13896.0,3.9,963.0,Reliance Digital,,5 Days,,Dell,,Mid-Range
microwave oven convection,Hp Microwave Oven Convection Model 639,4261.0,2.7,2230.0,Flipkart,,5 Days,,Hp,,Budget
air fryer india,Nike Air Fryer India Model 536,8598.0,3.3,1641.0,Croma,,5 Days,,Nike,,Mid-Range
men running shoes,Puma Men Running Shoes Model 476,48783.0,2.7,3072.0,Flipkart,,Free Delivery,,Puma,,Premium
men running shoes,Sony Men Running Shoes Model 393,8312.0,4.8,441.0,Croma,,Free Delivery,,Sony,,Mid-Range
microwave oven convection,Hp Microwave Oven Convection Model 455,1099.0,2.6,,Reliance Digital,,2 Days,,Hp,,Budget
men running shoes,Philips Men Running Shoes Model 904,28926.0,3.2,4894.0,Amazon,,2 Days,,Philips,,Premium
office chair ergonomic,Puma Office Chair Ergonomic Model 559,200380.0,4.1,1363.0,Croma,,Free Delivery,,Puma,,Luxury
air fryer india,Boat Air Fryer India Model 881,44221.0,,3337.0,Flipkart,,2 Days,,Boat,,Premium
power bank fast charging,Boat Power Bank Fast Charging Model 685,13683.0,4.5,2173.0,Croma,,2 Days,,Boat,,Mid-Range
office chair ergonomic,Puma Office Chair Ergonomic Model 296,12559.0,4.4,2806.0,Reliance Digital,,Free Delivery,,Puma,,Mid-Range
microwave oven convection,Puma Microwave Oven Convection Model 195,12872.0,4.4,629.0,Amazon,,5 Days,,Puma,,Mid-Range
microwave oven convection,Boat Microwave Oven Convection Model 919,27029.0,4.6,4765.0,Croma,,5 Days,,Boat,,Premium
air fryer india,Lg Air Fryer India Model 497,1734.0,4.9,1240.0,Amazon,,Free Delivery,,Lg,,Budget
men running shoes,Sony Men Running Shoes Model 630,25956.0,,3445.0,Amazon,,5 Days,,Sony,,Premium
microwave oven convection,Boat Microwave Oven Convection Model 727,16473.0,,4296.0,Croma,,Free Delivery,,Boat,,Mid-Range
air fryer india,Dell Air Fryer India Model 238,8235.0,3.0,351.0,Croma,,5 Days,,Dell,,Mid-Range
microwave oven convection,Philips Microwave Oven Convection Model 652,26565.0,2.6,3497.0,Amazon,,2 Days,,Philips,,Premium
microwave oven convection,Samsung Microwave Oven Convection Model 126,29631.0,3.6,531.0,Amazon,,2 Days,,Samsung,,Premium
men running shoes,Philips Men Running Shoes Model 411,25279.0,3.4,2261.0,Amazon,,5 Days,,Philips,,Premium
air fryer india,Hp Air Fryer India Model 755,11309.0,3.6,4502.0,Flipkart,,2 Days,,Hp,,Mid-Range
air fryer india,Dell Air Fryer India Model 243,18440.0,2.6,3171.0,Amazon,,Free Delivery,,Dell,,Mid-Range
office chair ergonomic,Boat Office Chair Ergonomic Model 163,49391.0,4.0,1681.0,Reliance Digital,,Free Delivery,,Boat,,Premium
men running shoes,Dell Men Running Shoes Model 873,36201.0,3.7,600.0,Flipkart,,5 Days,,Dell,,Premium
power bank fast charging,Lg Power Bank Fast Charging Model 346,17711.0,3.6,608.0,Croma,,2 Days,,Lg,,Mid-Range
power bank fast charging,Samsung Power Bank Fast Charging Model 316,29321.0,3.8,2779.0,Amazon,,5 Days,,Samsung,,Premium
microwave oven convection,Lg Microwave Oven Convection Model 152,5102.0,2.8,2118.0,Reliance Digital,,5 Days,,Lg,,Mid-Range
microwave oven convection,Hp Microwave Oven Convection Model 770,1253.0,3.6,1177.0,Flipkart,,5 Days,,Hp,,Budget
microwave oven convection,Puma Microwave Oven Convection Model 996,42455.0,2.7,533.0,Croma,,2 Days,,Puma,,Premium
power bank fast charging,Boat Power Bank Fast Charging Model 927,5855.0,4.7,3908.0,Croma,,2 Days,,Boat,,Mid-Range
men running shoes,Lg Men Running Shoes Model 260,7350.0,3.8,2107.0,Amazon,,Free Delivery,,Lg,,Mid-Range
men running shoes,Samsung Men Running Shoes Model 170,20645.0,,679.0,Reliance Digital,,Free Delivery,,Samsung,,Premium
air fryer india,Puma Air Fryer India Model 311,38802.0,4.0,1316.0,Amazon,,5 Days,,Puma,,Premium
microwave oven convection,Dell Microwave Oven Convection Model 924,1432.0,4.8,2003.0,Croma,,2 Days,,Dell,,Budget
office chair ergonomic,Sony Office Chair Ergonomic Model 493,25335.0,3.5,252.0,Croma,,5 Days,,Sony,,Premium
air fryer india,Dell Air Fryer India Model 603,18674.0,,4850.0,Amazon,,Free Delivery,,Dell,,Mid-Range
microwave oven convection,Lg Microwave Oven Convection Model 741,12854.0,4.0,1502.0,Croma,,5 Days,,Lg,,Mid-Range
office chair ergonomic,Puma Office Chair Ergonomic Model 946,27326.0,4.4,3197.0,Amazon,,5 Days,,Puma,,Premium
office chair ergonomic,Sony Office Chair Ergonomic Model 491,29394.0,3.0,485.0,Flipkart,,5 Days,,Sony,,Premium
air fryer india,Lg Air Fryer India Model 268,18575.0,2.8,1910.0,Croma,,5 Days,,Lg,,Mid-Range
air fryer india,Dell Air Fryer India Model 521,28686.0,5.0,640.0,Flipkart,,Free Delivery,,Dell,,Premium
air fryer india,Samsung Air Fryer India Model 897,32149.0,3.9,1417.0,Flipkart,,Free Delivery,,Samsung,,Premium
air fryer india,Samsung Air Fryer India Model 509,33415.0,3.7,418.0,Croma,,2 Days,,Samsung,,Premium
office chair ergonomic,Puma Office Chair Ergonomic Model 834,26972.0,4.4,3119.0,Reliance Digital,,Free Delivery,,Puma,,Premium
air fryer india,Nike Air Fryer India Model 162,48988.0,4.1,4559.0,Flipkart,,5 Days,,Nike,,Premium
microwave oven convection,Hp Microwave Oven Convection Model 594,2169.0,,3203.0,Amazon,,Free Delivery,,Hp,,Budget
air fryer india,Puma Air Fryer India Model 209,222300.0,3.6,3271.0,Amazon,,Free Delivery,,Puma,,Luxury
power bank fast charging,Hp Power Bank Fast Charging Model 605,24658.0,4.1,2491.0,Reliance Digital,,2 Days,,Hp,,Premium
air fryer india,Boat Air Fryer India Model 535,33365.0,3.6,1179.0,Amazon,,5 Days,,Boat,,Premium
men running shoes,Samsung Men Running Shoes Model 931,22549.0,2.9,2761.0,Flipkart,,5 Days,,Samsung,,Premium
power bank fast charging,Hp Power Bank Fast Charging Model 250,38959.0,4.6,579.0,Reliance Digital,,2 Days,,Hp,,Premium
microwave oven convection,Samsung Microwave Oven Convection Model 788,28251.0,3.3,4604.0,Amazon,,Free Delivery,,Samsung,,Premium
men running shoes,Boat Men Running Shoes Model 420,26404.0,3.9,718.0,Croma,,Free Delivery,,Boat,,Premium
air fryer india,Dell Air Fryer India Model 323,34760.0,4.2,2520.0,Croma,,2 Days,,Dell,,Premium
microwave oven convection,Samsung Microwave Oven Convection Model 354,16888.0,2.9,1267.0,Reliance Digital,,5 Days,,Samsung,,Mid-Range
microwave oven convection,Philips Microwave Oven Convection Model 565,28852.0,,4195.0,Flipkart,,Free Delivery,,Philips,,Premium
power bank fast charging,Samsung Power Bank Fast Charging Model 596,26397.0,3.3,1033.0,Reliance Digital,,Free Delivery,,Samsung,,Premium
microwave oven convection,Nike Microwave Oven Convection Model 845,46529.0,4.7,1118.0,Flipkart,,5 Days,,Nike,,Premium
air fryer india,Puma Air Fryer India Model 818,4964.0,4.1,732.0,Flipkart,,5 Days,,Puma,,Budget
air fryer india,Nike Air Fryer India Model 470,33735.0,2.7,1710.0,Amazon,,2 Days,,Nike,,Premium
men running shoes,Nike Men Running Shoes Model 785,24799.0,3.4,246.0,Flipkart,,5 Days,,Nike,,Premium
office chair ergonomic,Philips Office Chair Ergonomic Model 755,9463.0,,3340.0,Flipkart,,Free Delivery,,Philips,,Mid-Range
office chair ergonomic,Dell Office Chair Ergonomic Model 884,7331.0,4.1,2179.0,Reliance Digital,,Free Delivery,,Dell,,Mid-Range
office chair ergonomic,Boat Office Chair Ergonomic Model 172,28498.0,,4784.0,Reliance Digital,,Free Delivery,,Boat,,Premium
power bank fast charging,Sony Power Bank Fast Charging Model 154,33036.0,,3288.0,Reliance Digital,,Free Delivery,,Sony,,Premium
men running shoes,Boat Men Running Shoes Model 762,18772.0,3.4,347.0,Reliance Digital,,Free Delivery,,Boat,,Mid-Range
power bank fast charging,Nike Power Bank Fast Charging Model 813,49195.0,4.1,2711.0,Croma,,Free Delivery,,Nike,,Premium
microwave oven convection,Lg Microwave Oven Convection Model 306,8035.0,4.7,4121.0,Reliance Digital,,5 Days,,Lg,,Mid-Range
power bank fast charging,Dell Power Bank Fast Charging Model 291,1087.0,2.6,1882.0,Croma,,5 Days,,Dell,,Budget
power bank fast charging,Lg Power Bank Fast Charging Model 347,16861.0,4.4,1826.0,Croma,,2 Days,,Lg,,Mid-Range
power bank fast charging,Lg Power Bank Fast Charging Model 649,26039.0,4.1,248.0,Flipkart,,2 Days,,Lg,,Premium
office chair ergonomic,Nike Office Chair Ergonomic Model 210,34006.0,4.6,2854.0,Flipkart,,Free Delivery,,Nike,,Premium
men running shoes,Hp Men Running Shoes Model 454,30364.0,,660.0,Amazon,,5 Days,,Hp,,Premium
power bank fast charging,Lg Power Bank Fast Charging Model 344,25192.0,,1871.0,Flipkart,,Free Delivery,,Lg,,Premium
office chair ergonomic,Samsung Office Chair Ergonomic Model 656,41403.0,2.8,135.0,Amazon,,Free Delivery,,Samsung,,Premium
power bank fast charging,Lg Power Bank Fast Charging Model 620,7596.0,2.5,3981.0,Flipkart,,2 Days,,Lg,,Mid-Range
microwave oven convection,Nike Microwave Oven Convection Model 724,43854.0,3.5,3729.0,Croma,,5 Days,,Nike,,Premium
men running shoes,Nike Men Running Shoes Model 955,12436.0,2.8,4004.0,Amazon,,2 Days,,Nike,,Mid-Range
power bank fast charging,Nike Power Bank Fast Charging Model 543,19052.0,4.2,3428.0,Flipkart,,5 Days,,Nike,,Mid-Range
microwave oven convection,Philips Microwave Oven Convection Model 269,47068.0,3.9,1802.0,Reliance Digital,,Free Delivery,,Philips,,Premium
power bank fast charging,Dell Power Bank Fast Charging Model 653,46043.0,4.2,1541.0,Flipkart,,Free Delivery,,Dell,,Premium
office chair ergonomic,Nike Office Chair Ergonomic Model 771,29337.0,3.6,1541.0,Flipkart,,Free Delivery,,Nike,,Premium
power bank fast charging,Hp Power Bank Fast Charging Model 730,15938.0,3.3,3328.0,Amazon,,Free Delivery,,Hp,,Mid-Range
office chair ergonomic,Hp Office Chair Ergonomic Model 674,41684.0,3.7,3074.0,Croma,,Free Delivery,,Hp,,Premium
air fryer india,Sony Air Fryer India Model 906,41305.0,3.9,3574.0,Reliance Digital,,Free Delivery,,Sony,,Premium
office chair ergonomic,Samsung Office Chair Ergonomic Model 398,31075.0,4.7,1146.0,Amazon,,Free Delivery,,Samsung,,Premium
men running shoes,Dell Men Running Shoes Model 652,30140.0,2.9,807.0,Reliance Digital,,5 Days,,Dell,,Premium
power bank fast charging,Sony Power Bank Fast Charging Model 334,9499.0,4.9,4207.0,Croma,,Free Delivery,,Sony,,Mid-Range
men running shoes,Philips Men Running Shoes Model 277,31389.0,4.3,4321.0,Croma,,5 Days,,Philips,,Premium
office chair ergonomic,Philips Office Chair Ergonomic Model 658,4438.0,,40.0,Amazon,,5 Days,,Philips,,Budget
air fryer india,Dell Air Fryer India Model 580,17961.0,3.1,4995.0,Flipkart,,2 Days,,Dell,,Mid-Range
office chair ergonomic,Dell Office Chair Ergonomic Model 249,9264.0,3.3,609.0,Reliance Digital,,Free Delivery,,Dell,,Mid-Range
microwave oven convection,Lg Microwave Oven Convection Model 223,46052.0,4.5,2531.0,Croma,,Free Delivery,,Lg,,Premium
air fryer india,Lg Air Fryer India Model 237,3117.0,3.7,748.0,Croma,,Free Delivery,,Lg,,Budget
air fryer india,Lg Air Fryer India Model 520,28421.0,4.6,2786.0,Reliance Digital,,5 Days,,Lg,,Premium
air fryer india,Dell Air Fryer India Model 376,48528.0,2.6,3673.0,Flipkart,,Free Delivery,,Dell,,Premium
microwave oven convection,Puma Microwave Oven Convection Model 544,48582.0,3.1,3036.0,Flipkart,,5 Days,,Puma,,Premium
office chair ergonomic,Hp Office Chair Ergonomic Model 112,31474.0,3.0,4517.0,Croma,,Free Delivery,,Hp,,Premium
air fryer india,Nike Air Fryer India Model 635,23979.0,,384.0,Amazon,,2 Days,,Nike,,Premium
office chair ergonomic,Boat Office Chair Ergonomic Model 505,17335.0,4.9,2038.0,Croma,,Free Delivery,,Boat,,Mid-Range
office chair ergonomic,Nike Office Chair Ergonomic Model 457,6006.0,3.4,1498.0,Flipkart,,Free Delivery,,Nike,,Mid-Range
air fryer india,Philips Air Fryer India Model 669,13652.0,2.7,2243.0,Amazon,,2 Days,,Philips,,Mid-Range
men running shoes,Hp Men Running Shoes Model 974,13155.0,3.6,2057.0,Flipkart,,2 Days,,Hp,,Mid-Range
microwave oven convection,Sony Microwave Oven Convection Model 861,14160.0,5.0,1594.0,Reliance Digital,,Free Delivery,,Sony,,Mid-Range
office chair ergonomic,Boat Office Chair Ergonomic Model 534,49386.0,4.1,916.0,Croma,,Free Delivery,,Boat,,Premium
power bank fast charging,Boat Power Bank Fast Charging Model 257,48691.0,4.8,539.0,Croma,,Free Delivery,,Boat,,Premium
office chair ergonomic,Sony Office Chair Ergonomic Model 116,39770.0,4.2,617.0,Reliance Digital,,2 Days,,Sony,,Premium
air fryer india,Sony Air Fryer India Model 725,22083.0,2.5,3667.0,Flipkart,,5 Days,,Sony,,Premium
men running shoes,Lg Men Running Shoes Model 265,31009.0,3.1,506.0,Reliance Digital,,2 Days,,Lg,,Premium
microwave oven convection,Philips Microwave Oven Convection Model 221,14840.0,4.3,3858.0,Flipkart,,Free Delivery,,Philips,,Mid-Range
men running shoes,Lg Men Running Shoes Model 272,5766.0,3.2,973.0,Reliance Digital,,5 Days,,Lg,,Mid-Range
microwave oven convection,Puma Microwave Oven Convection Model 738,41951.0,4.0,1460.0,Flipkart,,Free Delivery,,Puma,,Premium
office chair ergonomic,Hp Office Chair Ergonomic Model 205,132290.0,2.6,874.0,Reliance Digital,,Free Delivery,,Hp,,Luxury
office chair ergonomic,Samsung Office Chair Ergonomic Model 229,20104.0,2.7,439.0,Amazon,,2 Days,,Samsung,,Premium
power bank fast charging,Nike Power Bank Fast Charging Model 172,25092.0,3.0,263.0,Croma,,2 Days,,Nike,,Premium
microwave oven convection,Boat Microwave Oven Convection Model 156,220130.0,4.8,4501.0,Croma,,2 Days,,Boat,,Luxury
air fryer india,Dell Air Fryer India Model 243,184400.0,2.6,3171.0,Amazon,,Free Delivery,,Dell,,Luxury
microwave oven convection,Boat Microwave Oven Convection Model 458,31490.0,3.1,1093.0,Amazon,,5 Days,,Boat,,Premium
power bank fast charging,Dell Power Bank Fast Charging Model 484,40635.0,3.0,1454.0,Croma,,2 Days,,Dell,,Premium
office chair ergonomic,Philips Office Chair Ergonomic Model 808,28743.0,5.0,3347.0,Amazon,,2 Days,,Philips,,Premium
power bank fast charging,Philips Power Bank Fast Charging Model 136,11469.0,3.4,2456.0,Reliance Digital,,Free Delivery,,Philips,,Mid-Range
microwave oven convection,Sony Microwave Oven Convection Model 852,47730.0,4.5,3005.0,Croma,,2 Days,,Sony,,Premium
power bank fast charging,Boat Power Bank Fast Charging Model 295,171520.0,3.9,,Flipkart,,Free Delivery,,Boat,,Luxury
air fryer india,Nike Air Fryer India Model 162,489880.0,4.1,4559.0,Flipkart,,5 Days,,Nike,,Luxury
office chair ergonomic,Sony Office Chair Ergonomic Model 116,397700.0,4.2,617.0,Reliance Digital,,2 Days,,Sony,,Luxury
office chair ergonomic,Samsung Office Chair Ergonomic Model 472,9857.0,,3938.0,Amazon,,2 Days,,Samsung,,Mid-Range
office chair ergonomic,Puma Office Chair Ergonomic Model 306,23833.0,2.6,293.0,Flipkart,,5 Days,,Puma,,Premium
microwave oven convection,Dell Microwave Oven Convection Model 367,323170.0,3.6,434.0,Amazon,,Free Delivery,,Dell,,Luxury
microwave oven convection,Puma Microwave Oven Convection Model 195,128720.0,4.4,629.0,Amazon,,5 Days,,Puma,,Luxury
smart phone,Motorola Moto G 2025 Prepaid Smartphone,39.88,3.8,110.0,Walmart,1,Free next-day delivery,,Motorola,1.0,Budget
smart phone,Samsung Galaxy A17 5G,199.99,4.4,9800.0,Best Buy,2,Free delivery by Sun,,Samsung,0.5,Budget
smart phone,Apple Refurbished Iphone 13,56.0,4.1,1800.0,Constructorcampus.Org,3,Unknown,,Apple,0.3333333333333333,Budget
smart phone,Samsung Galaxy S25 Fe,13.99,4.6,124000.0,At&T,4,Free delivery,,Samsung,0.25,Budget
smart phone,Google Pixel 10A,424.0,4.6,1300.0,Best Buy,5,Free delivery by Sun,,Google,0.2,Budget
smart phone,Unihertz Titan 2 5G Smartphone,489.99,4.8,153.0,Unihertz,6,Free delivery,,Unihertz,0.16666666666666666,Budget
smart phone,Apple Iphone 17 Pro Max,1199.0,4.4,20000.0,Apple,7,Free next-day delivery,,Apple,0.14285714285714285,Budget
smart phone,Tracfone Samsung Galaxy A16 Prepaid,49.99,4.3,26.0,Best Buy,8,Free delivery by Sun,,Tracfone,0.125,Budget
smart phone,Samsung Galaxy S26,399.99,4.7,16000.0,Cricket Wireless,9,Free delivery,,Samsung,0.1111111111111111,Budget
smart phone,Samsung Galaxy S26 Ultra,36.12,4.8,54000.0,At&T,10,Free delivery,,Samsung,0.1,Budget
smart phone,Apple Iphone 17,25.81,4.5,8900.0,Walmart,11,Unknown,,Apple,0.09090909090909091,Budget
smart phone,Google Pixel 10 Pro,999.0,4.4,2300.0,Google Store,12,Free delivery,,Google,0.08333333333333333,Budget
smart phone,Motorola Moto G Play 2024,149.99,4.4,1100.0,Best Buy,13,Free delivery by Sun,,Motorola,0.07692307692307693,Budget
smart phone,Oneplus 15 512Gb,999.99,4.5,44.0,Oneplus Official Store,14,Free delivery,,Oneplus,0.07142857142857142,Budget
smart phone,Samsung Galaxy S25 Fe 128Gb Jetblack,149.99,4.7,3100.0,Cricket Wireless,15,Free delivery,,Samsung,0.06666666666666667,Budget
smart phone,Apple Iphone 17 Pro 256Gb Cosmic Orange,1099.0,3.8,2200.0,Apple,16,Free next-day delivery,,Apple,0.0625,Budget
smart phone,Nothing Phone 3 5G Mobile Phone,699.99,4.6,271.0,Best Buy,17,Free delivery by Sun,,Nothing,0.058823529411764705,Budget
smart phone,Phonemax Q9 Mini Smartphone,238.0,5.0,1.0,Phonemax,18,Free delivery,,Phonemax,0.05555555555555555,Budget
smart phone,Samsung Galaxy A15,59.88,3.8,2600.0,Walmart,19,Free delivery by Thu,,Samsung,0.05263157894736842,Budget
smart phone,Motorola Moto G Stylus 2025,29.99,1.0,1.0,Cricket Wireless,20,Free delivery,,Motorola,0.05,Budget
smart phone,Tracfone Blu View Speed Ultra 64Gb Prepaid,24.99,4.2,14.0,Best Buy,21,Unknown,,Tracfone,0.047619047619047616,Budget
smart phone,Google Pixel 10 Pro Xl,1199.0,4.5,2300.0,Google Store,22,Free delivery,,Google,0.045454545454545456,Budget
smart phone,T-Mobile Revvl 8 Pro (With 36 Monthly Payments + Plan) - Revvl Smartphone,10.42,,,T-Mobile,23,Free delivery,,T-Mobile,0.043478260869565216,Budget
smart phone,Tracfone Moto G Play 2024 Prepaid Smartphone,39.88,3.2,406.0,Walmart,24,Free next-day delivery,,Tracfone,0.041666666666666664,Budget
smart phone,Apple Iphone 17E,16.67,4.6,3100.0,Best Buy,25,Free delivery by Sun,,Apple,0.04,Budget
smart phone,Apple Iphone 17 Pro 256Gb Silver,1099.0,3.8,2300.0,Apple,26,Free next-day delivery,,Apple,0.038461538461538464,Budget
smart phone,Nothing Phone Pro,539.0,4.8,145.0,Nothing Us,27,Free delivery by Thu,,Nothing,0.037037037037037035,Budget
smart phone,Unihertz Titan Slim Smartphone,299.99,4.4,113.0,Unihertz,28,Free delivery,,Unihertz,0.03571428571428571,Budget
smart phone,Samsung Galaxy A37 5G,374.99,4.8,3700.0,Best Buy,29,Free delivery by Sun,,Samsung,0.034482758620689655,Budget
smart phone,Google Pixel 10,799.0,4.6,1900.0,Google Store,30,Free delivery,,Google,0.03333333333333333,Budget
smart phone,Samsung Galaxy S26 Ultra 256Gb Black,699.99,,,Cricket Wireless,31,Free delivery,,Samsung,0.03225806451612903,Budget
smart phone,Oneplus 15R 256Gb,699.99,4.8,220.0,Oneplus Official Store,32,Free delivery,,Oneplus,0.03125,Budget
smart phone,Jitterbug Smart4 Smartphone For Seniors,47.99,4.2,585.0,Best Buy,33,Free delivery by Sun,,Jitterbug,0.030303030303030304,Budget
smart phone,Samsung Galaxy A16 Prepaid Smartphone,59.88,3.9,113.0,Walmart,34,Free delivery,,Samsung,0.029411764705882353,Budget
smart phone,Apple Iphone 17 Pro 256Gb Deep Blue,1099.0,3.8,2400.0,Apple,35,Free next-day delivery,,Apple,0.02857142857142857,Budget
smart phone,Apple Iphone 16E Black,599.99,3.9,1200.0,Boost Mobile,36,Unknown,,Apple,0.027777777777777776,Budget
smart phone,Tracfone Motorola Moto G Play 64Gb Prepaid,39.99,4.3,446.0,Best Buy,37,Free delivery by Sun,,Tracfone,0.02702702702702703,Budget
smart phone,Unihertz Jelly Max 5G Smartphone,339.99,4.6,44.0,Unihertz,38,Free delivery,,Unihertz,0.02631578947368421,Budget
smart phone,Apple Iphone 17 Pro,1299.0,4.5,8200.0,Klarna,39,Free delivery,,Apple,0.02564102564102564,Budget
smart phone,Nuu B40 5G Android Smartphone,249.99,,,Nuu,40,Free delivery,,Nuu,0.025,Budget
washing machine,Whirlpool 3.5 Cu. Ft. Top Load Washer Wtw4816Fw,499.0,3.9,26000.0,Lowe'S,1,Unknown,,Whirlpool,1.0,Budget
washing machine,Insignia 3.7 Cu. Ft. High Efficiency 12-Cycle Top-Loading Washer,449.99,4.3,2400.0,Best Buy,2,Unknown,,Insignia,0.5,Budget
washing machine,Lg 4.1 Cu. Ft. Top Load Washer With Agitator,569.0,4.3,5800.0,Home Depot,3,Unknown,,Lg,0.3333333333333333,Budget
washing machine,Insignia 4.1 Cu. Ft. Top Load Washer Ns-Wmt41Wa5,499.99,4.7,878.0,Best Buy,4,Unknown,,Insignia,0.25,Budget
washing machine,Ge Hotpoint Top Load Washer Htw265As,519.0,4.1,2600.0,Lowe'S,5,Unknown,,Ge,0.2,Budget
washing machine,Ge 4.0 Cu. Ft. Capacity Washer With Stainless Steel Basket And Water Level Control,539.0,4.0,2700.0,Abc Warehouse,6,Unknown,,Ge,0.16666666666666666,Budget
washing machine,Lg 4.1 Cu. Ft. Top Load Washer With 4-Way Agitator,599.0,3.8,783.0,Home Depot,7,Unknown,,Lg,0.14285714285714285,Budget
washing machine,Samsung Top-Load Washer Wa45T3200Aw,549.99,4.3,8200.0,Best Buy,8,Unknown,,Samsung,0.125,Budget
washing machine,Maytag Top Load Washer With Deep Fill Mvw4005Sw,559.77,4.1,1600.0,Pc Richard & Son,9,Unknown,,Maytag,0.1111111111111111,Budget
washing machine,Hotpoint Htw240Askws Washer,16.95,,,Dialrto.Com,10,Unknown,,Hotpoint,0.1,Budget
washing machine,Whirlpool Top Load Washer With Removable Agitator,699.0,3.8,20000.0,Lowe'S,11,Unknown,,Whirlpool,0.09090909090909091,Budget
washing machine,Midea Top Load Washer,399.99,5.0,3.0,Electronic Express,12,Unknown,,Midea,0.08333333333333333,Budget
washing machine,Magic Chef Front Load Washer,581.99,2.7,14.0,Home Depot,13,Unknown,,Magic,0.07692307692307693,Budget
washing machine,"Dimedeal 18Lbs Portable Twin Tub Washing Machine, Small Washer With 1 Drying Rack And 10 Hangers, Compact Laundry Machine With Spinner, Mini Washer",105.99,2.8,24.0,Walmart - Dimedeal,14,Free delivery,,Dimedeal,0.07142857142857142,Budget
washing machine,Avanti 1.38 Cu. Ft. Compact Washer,249.97,3.9,24.0,Pc Richard & Son,15,Unknown,,Avanti,0.06666666666666667,Budget
washing machine,Hotpoint 4.0 Cu. Ft. Top Load Washer In White With Cold Plus And Water Level Control,17.99,4.1,2600.0,Rent-A-Center,16,Free delivery,,Hotpoint,0.0625,Budget
washing machine,Maytag Front Load Washer With Extra Power And 12-Hr Fresh,799.0,3.9,8400.0,Home Depot,17,Unknown,,Maytag,0.058823529411764705,Budget
washing machine,Whirlpool Top Load Impeller Washer Wtw4300Sw,599.0,3.8,96.0,Lowe'S,18,Unknown,,Whirlpool,0.05555555555555555,Budget
washing machine,Samsung Front Load Washer Wf45T6000Av,729.12,4.4,3400.0,Electronic Express,19,Unknown,,Samsung,0.05263157894736842,Budget
washing machine,"Lg 27"" Smart Front Load Washer",1099.99,4.3,371.0,Best Buy,20,Unknown,,Lg,0.05,Budget
washing machine,Lg Wt6100Cw Top Load Washer,569.0,4.4,1400.0,Home Depot,21,Unknown,,Lg,0.047619047619047616,Budget
washing machine,Ge Washer Gtw485Aswwb,597.0,4.2,9600.0,Abc Warehouse,22,Unknown,,Ge,0.045454545454545456,Budget
washing machine,Whirlpool Top Load Washer,598.0,4.1,2300.0,Plesser'S Appliances,23,Free delivery,,Whirlpool,0.043478260869565216,Budget
washing machine,Speed Queen Tc5 Top Load Washer,1497.0,4.6,3900.0,Rochester Appliance,24,Free delivery by Wed,,Speed,0.041666666666666664,Budget
washing machine,Amana Top Load Washer Ntw4519Jw,499.0,3.7,3500.0,Home Depot,25,Unknown,,Amana,0.04,Budget
washing machine,Maytag Top Load Washer,599.0,3.8,24000.0,Budget Appliance & Mattress Co,26,Unknown,,Maytag,0.038461538461538464,Budget
washing machine,Samsung 4.4 Cu. Ft. Top Load Washer With Activewave Agitator And Soft-Close Lid,548.97,4.2,2300.0,Pc Richard & Son,27,Unknown,,Samsung,0.037037037037037035,Budget
washing machine,Miele Wxc280Wcs Front Load Washer,1999.0,,,Best Buy,28,Free delivery,,Miele,0.03571428571428571,Budget
washing machine,Lg Smart Compact Front Load Washer,1149.0,4.0,725.0,Lowe'S,29,Free delivery,,Lg,0.034482758620689655,Budget
washing machine,Costway Portable Semi-Automatic Washing Machine With Built-In Drain Pump,158.99,4.6,1700.0,Walmart - Costway,30,Free delivery,,Costway,0.03333333333333333,Budget
washing machine,Whirlpool Top Load Agitator Washer With Quick Wash Wtw4105Sw,674.0,3.9,70.0,Home Depot,31,Unknown,,Whirlpool,0.03225806451612903,Budget
washing machine,Electrolux Front Load Washer Elfw7537Aw,943.0,4.6,2700.0,Plesser'S Appliances,32,Free delivery,,Electrolux,0.03125,Budget
washing machine,Lg 5.2 Cu. Ft. Smart Front Load Washer Wm8900Hba,1395.0,4.5,1500.0,Town Appliance,33,Free delivery,,Lg,0.030303030303030304,Budget
washing machine,Samsung 4.7 Cu. Ft. Smart Top Load Washer,629.12,4.2,1300.0,Best Buy,34,Unknown,,Samsung,0.029411764705882353,Budget
washing machine,Panda 2.0 Cu. Ft. Portable Washing Machine,382.99,4.3,22.0,Home Depot,35,Free delivery,,Panda,0.02857142857142857,Budget
washing machine,Maytag 5.2 Cu. Ft Agitator Top Load Washer With Extra Power,849.0,3.9,793.0,Lowe'S,36,Unknown,,Maytag,0.027777777777777776,Budget
washing machine,Lg Top Load Washer Wt7000Cw,697.0,4.2,1200.0,Abc Warehouse,37,Unknown,,Lg,0.02702702702702703,Budget
washing machine,Samsung Front Load Washer Wf45T6000Aw,729.0,4.3,7000.0,Abt Electronics & Appliances,38,Free delivery,,Samsung,0.02631578947368421,Budget
washing machine,Frigidaire 4.1 Cu. Ft. Top Load Washer,649.12,4.1,195.0,Electronic Express,39,Unknown,,Frigidaire,0.02564102564102564,Budget
washing machine,Lg Turbowash 360 Washer Wm4000Hba,929.0,4.3,5000.0,Home Depot,40,Unknown,,Lg,0.025,Budget
laptop,Hp 14 Inch Hd Windows Laptop,259.0,3.2,54.0,Walmart,1,Free next-day delivery,,Hp,1.0,Budget
laptop,"Acemagic - Lx15Pro - 15.6"" Gaming Laptop - Amd Ryzen 5 7430U(6C/12T) - Radeon Rx Vega 8 Graphics -16Gb Memory - 512Gb Nvme Ssd - Gray",429.0,3.5,8.0,Best Buy,2,Unknown,,Acemagic,0.5,Budget
laptop,Apple Macbook Neo 13 A18 Pro Chip,699.99,4.8,4800.0,Target,3,Free delivery by Thu,,Apple,0.3333333333333333,Budget
laptop,"Acer Chromebook 315 15.6"" Fhd Wi-Fi 6E",199.0,4.5,43.0,Best Buy,4,Free delivery by Sun,,Acer,0.25,Budget
laptop,"Lenovo Ideapad Slim 3I 15"" Touchscreen Laptop",849.0,5.0,2.0,Walmart,5,Free delivery,,Lenovo,0.2,Budget
laptop,Razer Blade 16 Ultra-Thin 16-Inch Amd Gaming Laptop,2399.99,,,Razer.Com,6,Free delivery,,Razer,0.16666666666666666,Budget
laptop,"Hp Omnibook 3 14"" 2K Oled Laptop",499.99,4.7,11.0,Best Buy,7,Free delivery,,Hp,0.14285714285714285,Budget
laptop,"Dell Inspiron 15.6"" Hd Screen Laptop",749.99,4.1,185.0,Dell,8,Free delivery by Thu,,Dell,0.125,Budget
laptop,Rnruo 14 Inch Windows 11 Laptop,205.49,3.4,12.0,Walmart - Rnruo,9,Free delivery by Tue,,Rnruo,0.1111111111111111,Budget
laptop,"Lenovo - Ideapad Slim 3 Chromebook - 14"" 2K Touchscreen Laptop - Mediatek Kompanio 540 2025 - 4Gb Memory - 64Gb Emmc - Blue",299.0,,,Best Buy,10,Unknown,,Lenovo,0.1,Budget
laptop,"Asus Rog Strix G18 18"" Fhd+ 144Hz Gaming Laptop",1399.99,,,Staples,11,Free delivery by Wed,,Asus,0.09090909090909091,Budget
laptop,"Nimo 15.6"" Ryzen 7 8745Hs Laptop",729.99,4.2,4.0,Nimo,12,Free delivery,,Nimo,0.08333333333333333,Budget
laptop,"Microsoft 13"" Surface Laptop Copilot+ Pc",1249.99,4.7,658.0,Best Buy,13,Free delivery by Sun,,Microsoft,0.07692307692307693,Budget
laptop,13-Inch Apple Macbook Air M5,1299.0,4.9,2800.0,Apple,14,Free next-day delivery,,13-Inch,0.07142857142857142,Budget
laptop,"Hp 14"" Intel Core N150 Laptop",299.99,4.4,111.0,Staples,15,Free delivery by Wed,,Hp,0.06666666666666667,Budget
laptop,"Lenovo - Ideapad Slim 3 Chromebook - 14"" 2K Touchscreen Laptop - Mediatek Kompanio 540 2025 - 8Gb Memory - 128Gb Ufs - Blue",439.0,4.6,40.0,Best Buy,16,Unknown,,Lenovo,0.0625,Budget
laptop,"Hp 14"" Core I3-1115G4 Laptop",299.99,2.7,6.0,Walmart - Smartisan Tech,17,Free delivery,,Hp,0.058823529411764705,Budget
laptop,Dell Pro Max 18 Plus Mb18250,5549.95,4.4,88.0,B&H Used Store,18,Free delivery by Tue,,Dell,0.05555555555555555,Mid-Range
laptop,"Lenovo Ideapad Slim 3I 15.6"" Full Hd Laptop",349.99,4.5,198.0,Best Buy,19,Unknown,,Lenovo,0.05263157894736842,Budget
laptop,Msi Cyborg 15 Gaming Laptop,1399.99,,,Altex Electronics,20,Unknown,,Msi,0.05,Budget
laptop,"Asus Vivobook 15.6"" Touchscreen Laptop",669.99,,,Electronic Express,21,Free delivery,,Asus,0.047619047619047616,Budget
laptop,"Hp Omnibook 5 16"" Ai Laptop | Snapdragon X X1-26-100 | 16Gb | Windows 11 Home | 256Gb Ssd | Glacier Silver | B81Ymav_1",629.99,4.2,56.0,Hp,22,Free delivery,,Hp,0.045454545454545456,Budget
laptop,"Lenovo Loq 15.6"" 2K Gaming Laptop",1324.99,5.0,2.0,Best Buy,23,Free delivery by Sun,,Lenovo,0.043478260869565216,Budget
laptop,Amd Ryzen 9 Gaming Laptop,999.99,,,Walmart - Uhippo Laptops,24,Free delivery,,Amd,0.041666666666666664,Budget
laptop,Acer Predator Helios Neo Gaming Laptop,1749.99,4.5,4.0,B&H Photo-Video-Audio,25,Free delivery by Tue,,Acer,0.04,Budget
laptop,Microsoft Surface Laptop For Business,1649.99,5.0,1.0,Microsoft Store,26,Free delivery by Wed,,Microsoft,0.038461538461538464,Budget
laptop,Dell 14 Plus Laptop,1509.99,4.3,989.0,Newegg.Com - Dell Technologies,27,Free delivery,,Dell,0.037037037037037035,Budget
laptop,Lenovo Legion Pro 5I Gaming Laptop,2449.99,,,Best Buy,28,Free delivery,,Lenovo,0.03571428571428571,Budget
laptop,Alienware 15 Gaming Laptop,2599.0,4.7,130.0,Walmart - Teknoraks,29,Unknown,,Alienware,0.034482758620689655,Budget
laptop,15-Inch Apple Macbook Air M5,1699.0,4.9,1500.0,Bkstr.Com/Texassanantoniostore/Home,30,Unknown,,15-Inch,0.03333333333333333,Budget
laptop,"Lenovo Ideapad Slim 3 15.6"" N150 Laptop",329.99,4.6,17.0,Instacart,31,Unknown,,Lenovo,0.03225806451612903,Budget
laptop,"Samsung - Galaxy Chromebook Go - 14"" Led Laptop - Intel Celeron- 4Gb Memory - 128Gb + 128Gb Sd Card - Silver",329.99,,,Best Buy,32,Unknown,,Samsung,0.03125,Budget
laptop,Microsoft Surface Laptop 7 Copilot+ Pc,1910.99,3.0,5.0,Insight,33,Unknown,,Microsoft,0.030303030303030304,Budget
laptop,Lenovo Ideapad Slim 3I Arctic Grey Laptop Intel N100 82Xbx,268.0,3.8,260.0,Walmart - Velztorm Pc,34,Free delivery,,Lenovo,0.029411764705882353,Budget
laptop,"Microsoft Surface Pro 13"" Snapdragon X2 Plus",1649.0,4.7,28.0,B&H Photo-Video-Audio,35,Unknown,,Microsoft,0.02857142857142857,Budget
laptop,"Hp 15.6"" Hd Laptop",314.99,3.7,364.0,Best Buy,36,Unknown,,Hp,0.027777777777777776,Budget
laptop,"Dell Chromebook 11.6"" Hd Screen 2-In-1 Laptop",489.0,4.8,10.0,Dell,37,Free delivery,,Dell,0.02702702702702703,Budget
laptop,Asus Tuf A16 Gaming Laptop,1147.0,4.1,8.0,Walmart - Primegear Tech,38,Free delivery,,Asus,0.02631578947368421,Budget
laptop,Loq Rtx 512 Gb Ssd M.2 2242 Computerie Gen4 Tlc 83Tncto1Wwus,1540.07,,,Lenovo,39,Free delivery,,Loq,0.02564102564102564,Budget
laptop,"Hp Omnibook X Flip 14"" Ai 2-In-1 Laptop",1999.99,4.0,2.0,Hp,40,Free delivery,,Hp,0.025,Budget
headphones,Apple Airpods Max,299.99,4.6,12000.0,Paymore Springfield,1,Free delivery by Thu,,Apple,1.0,Budget
headphones,Anker Soundcore Q20I Hybrid Active Noise Cancelling Headphones,44.99,4.8,7400.0,Best Buy,2,Free delivery by Sun,,Anker,0.5,Budget
headphones,Jlab Studio 2 Wireless Headphones,24.99,4.6,828.0,Target,3,Free delivery on $35+,,Jlab,0.3333333333333333,Budget
headphones,Beats Solo 4 On-Ear Wireless Headphones,118.97,4.0,599.0,Best Buy,4,Unknown,,Beats,0.25,Budget
headphones,Bose Quietcomfort Noise Cancelling Headphones,229.0,4.6,7500.0,Bose,5,Free delivery,,Bose,0.2,Budget
headphones,Onn. On-Ear Headphones,6.0,3.9,1900.0,Walmart,6,Unknown,,Onn.,0.16666666666666666,Budget
headphones,Dan Clark Audio E3 Planar Magnetic Headphones,1999.99,4.8,84.0,Hifisoundgear,7,Free delivery,,Dan,0.14285714285714285,Budget
headphones,Jbl On-Ear Headphones Tune 520Bt Wireless,39.1,4.6,11000.0,Best Buy,8,Unknown,,Jbl,0.125,Budget
headphones,Skullcandy Crusher Anc 2 Wireless Headphones,259.99,4.6,7200.0,Skullcandy,9,Free delivery,,Skullcandy,0.1111111111111111,Budget
headphones,Sony Wh-1000Xm6 Wireless Noise Canceling Headphones,398.0,4.7,3200.0,Sony,10,Free delivery by Tue,,Sony,0.1,Budget
headphones,Sennheiser Hd 560S Headphones,199.99,4.7,1100.0,Target,11,Free delivery by Thu,,Sennheiser,0.09090909090909091,Budget
headphones,Audio Technica Ath-M50X Professional Monitor Headphones,159.0,4.8,4000.0,Guitar Center,12,Free delivery,,Audio,0.08333333333333333,Budget
headphones,Bose Quietcomfort Ultra Headphones,229.0,4.4,9800.0,Bose,13,Free delivery,,Bose,0.07692307692307693,Budget
headphones,Shokz Openrun Pro 2,179.99,4.7,4800.0,Best Buy,14,Free delivery by Sun,,Shokz,0.07142857142857142,Budget
headphones,Bowers & Wilkins Px8 Over-Ear Noise Canceling Wireless Headphones,479.0,4.8,4400.0,Bowers & Wilkins,15,Free delivery,,Bowers,0.06666666666666667,Budget
headphones,Onn. Wireless On-Ear Headphones,12.88,4.0,2300.0,Walmart,16,Unknown,,Onn.,0.0625,Budget
headphones,Jbl Tune 530Bt Wireless On-Ear Headphones,44.99,4.7,549.0,Kohl'S,17,Unknown,,Jbl,0.058823529411764705,Budget
headphones,Beats Studio Pro Wireless Headphones - Sandstone,19.99,4.6,19000.0,Rent-A-Center,18,Free delivery,,Beats,0.05555555555555555,Budget
headphones,Sennheiser Momentum 4 Wireless Headphones,224.99,4.6,8200.0,Best Buy,19,Free delivery by Sun,,Sennheiser,0.05263157894736842,Budget
headphones,Audeze Lcd 2 Headphones,895.0,4.8,140.0,Moon Audio,20,Free delivery by Tue,,Audeze,0.05,Budget
headphones,Hifiman Edition Xs Headphones,209.0,4.7,496.0,Headphones.Com,21,Free delivery,,Hifiman,0.047619047619047616,Budget
headphones,Meze Audio 105 Aer Open-Back Headphones,299.0,4.8,121.0,Guitar Center,22,Free delivery,,Meze,0.045454545454545456,Budget
headphones,Beyerdynamic Dt 990 Pro X Studio Headphones,229.99,4.7,86.0,Sweetwater,23,Free delivery by Wed,,Beyerdynamic,0.043478260869565216,Budget
headphones,Marshall Major V On-Ear Headphones,154.99,4.7,2100.0,Best Buy,24,Free delivery,,Marshall,0.041666666666666664,Budget
headphones,Jlab Studio Pro Wireless Over-Ear Headphones,19.99,4.2,1500.0,Walmart,25,Unknown,,Jlab,0.04,Budget
headphones,Sony Wh-Ch720N Noise Canceling Headphones,49.99,4.9,202.0,Target,26,Free delivery by Thu,,Sony,0.038461538461538464,Budget
headphones,Jbl Tune 670Nc On-Ear Wireless Noise Cancelling Headphones,59.95,4.4,2900.0,Crutchfield,27,Free delivery by Tue,,Jbl,0.037037037037037035,Budget
headphones,Skullcandy Crusher Evo Wireless Over Ear Headphones,168.0,4.6,7000.0,Best Buy,28,Unknown,,Skullcandy,0.03571428571428571,Budget
headphones,Apple Earpods,19.0,4.6,31000.0,Boise State Bronco Shop,29,Unknown,,Apple,0.034482758620689655,Budget
headphones,Audio Technica Ath-M20X Monitor Headphones,49.0,4.7,3100.0,B&H Photo-Video-Audio,30,Free delivery by Tue,,Audio,0.03333333333333333,Budget
headphones,Beat Studio Pro On Ear Headphones In Black,22.99,4.6,19000.0,Rent-A-Center,31,Free delivery,,Beat,0.03225806451612903,Budget
headphones,Anker Soundcore Life Q20 Hybrid Active Noise Cancelling Headphones Wireless Over Ear Bluetooth Headphones,39.99,4.5,838.0,Walmart - Ankerdirect,32,Free delivery by Tue,,Anker,0.03125,Budget
headphones,Sony Wireless Noise Canceling Headphones,89.97,4.6,13000.0,Best Buy,33,Unknown,,Sony,0.030303030303030304,Budget
headphones,Apple Airpods Max 2,530.0,4.7,817.0,Sweetwater,34,Free delivery by Wed,,Apple,0.029411764705882353,Budget
headphones,Bose Quietcomfort Headphones,199.0,4.7,269.0,Bose,35,Free delivery,,Bose,0.02857142857142857,Budget
headphones,Sonos Ace Wireless Noise Canceling Headphones,399.0,4.6,4000.0,Sonos,36,Free delivery,,Sonos,0.027777777777777776,Budget
headphones,Jvc Ear Headphones,24.99,4.4,1800.0,Jvcshop,37,Unknown,,Jvc,0.02702702702702703,Budget
headphones,Sony Wh-Ch520 Wireless On-Ear Headphones,39.99,4.7,2800.0,Best Buy,38,Free delivery by Sun,,Sony,0.02631578947368421,Budget
headphones,Anker Soundcore Life Q30 Hybrid Active Noise Cancelling Wireless Bluetooth Headphones,55.98,4.8,112.0,Target,39,Free delivery,,Anker,0.02564102564102564,Budget
headphones,Sennheiser Momentum 5 Wireless Headphones,399.95,4.7,199.0,Sennheiser Consumer Audio Us,40,Free delivery by Wed,,Sennheiser,0.025,Budget
smartwatch,Samsung Galaxy Watch Fe,94.99,4.1,2100.0,"Walmart - Hyper Microsystems, Inc.",1,Unknown,,Samsung,1.0,Budget
smartwatch,Apple Watch Se 3 Gps 40Mm Midnight Aluminum Case,12.5,4.8,6800.0,T-Mobile,2,Free delivery,,Apple,0.5,Budget
smartwatch,Amazfit Band 7 Fitness Tracker,49.99,4.3,1100.0,Target,3,Free delivery by Thu,,Amazfit,0.3333333333333333,Budget
smartwatch,Nothing Cmf Watch Pro 3,69.0,4.6,607.0,Nothing Us,4,Free delivery by Thu,,Nothing,0.25,Budget
smartwatch,Amazfit Bip 6 Smartwatch,79.99,4.5,244.0,Best Buy,5,Free delivery by Sun,,Amazfit,0.2,Budget
smartwatch,Garmin Lily 2 Smartwatch,249.99,4.4,1200.0,Garmin - United States,6,Free delivery by Tue,,Garmin,0.16666666666666666,Budget
smartwatch,Google Pixel Watch 4,399.99,4.6,1100.0,Google Store,7,Free delivery,,Google,0.14285714285714285,Budget
smartwatch,"Smart Watch For Men Women 2.01"" Hd Touchscreen Bluetooth Call Ip68 Waterproof",35.99,,,Target,8,Free delivery,,Smart,0.125,Budget
smartwatch,Tozo S4,49.99,4.7,133.0,Tozo,9,Free delivery,,Tozo,0.1111111111111111,Budget
smartwatch,Amazfit Active 2 Smartwatch,79.99,4.8,1900.0,Best Buy,10,Free delivery by Sun,,Amazfit,0.1,Budget
smartwatch,Samsung Galaxy Watch8,299.99,4.4,62000.0,Samsung,11,Free delivery,,Samsung,0.09090909090909091,Budget
smartwatch,Mingdaln Smart Watch,29.99,4.4,1300.0,Walmart - Frontier Of Technology,12,Unknown,,Mingdaln,0.08333333333333333,Budget
smartwatch,Amazfit Bip 6 Smart Watch,79.99,4.9,11000.0,Target,13,Free delivery by Thu,,Amazfit,0.07692307692307693,Budget
smartwatch,Garmin Instinct E,249.99,4.4,239.0,Garmin - United States,14,Free delivery by Tue,,Garmin,0.07142857142857142,Budget
smartwatch,Withings Scanwatch 2 Hybrid Smartwatch,369.95,4.4,874.0,Best Buy,15,Unknown,,Withings,0.06666666666666667,Budget
smartwatch,Samsung Galaxy Watch8 Classic,499.99,4.6,8300.0,Samsung,16,Free delivery,,Samsung,0.0625,Budget
smartwatch,Smart Watch With Alexa Built-In,26.99,4.3,363.0,Walmart - Cillso Store,17,Unknown,,Smart,0.058823529411764705,Budget
smartwatch,Garmin Vivoactive 6 Smartwatch,299.99,4.6,2400.0,Garmin - United States,18,Free delivery by Tue,,Garmin,0.05555555555555555,Budget
smartwatch,Samsung Galaxy Watch7,189.99,4.5,8900.0,Best Buy,19,Free delivery by Sun,,Samsung,0.05263157894736842,Budget
smartwatch,Smart Watch With Hd Touchsreen,35.99,3.5,43.0,Target,20,Free delivery,,Smart,0.05,Budget
smartwatch,Tozo S4 Smartwatch With Bluetooth Calling And Amoled Screen,49.99,4.7,131.0,Tozo,21,Free delivery,,Tozo,0.047619047619047616,Budget
smartwatch,Indestructible Tactical Smartwatch,139.99,,,Njord Gear,22,Free delivery,,Indestructible,0.045454545454545456,Budget
smartwatch,Apple Watch Ultra 3 Gps + Cellular 49Mm Titanium Case,719.0,4.7,3900.0,Follett'S College Of Dupage Bookstore,23,Unknown,,Apple,0.043478260869565216,Budget
smartwatch,Smart Watch 2025,23.89,3.7,215.0,Walmart - Sisrow,24,Unknown,,Smart,0.041666666666666664,Budget
smartwatch,Fitbit Versa 4 Fitness Smartwatch,165.0,4.2,8000.0,Best Buy,25,Unknown,,Fitbit,0.04,Budget
smartwatch,Garmin Lily 2 Classic Smartwatch,299.99,4.4,701.0,Garmin - United States,26,Free delivery by Tue,,Garmin,0.038461538461538464,Budget
smartwatch,Samsung Galaxy Watch Ultra2,699.99,4.8,538.0,Samsung,27,Free delivery,,Samsung,0.037037037037037035,Budget
smartwatch,Amazfit Active 2 Square Leather Smartwatch With Heart Rate Tracking,129.99,4.4,43.0,Target,28,Free delivery by Thu,,Amazfit,0.03571428571428571,Budget
smartwatch,Garmin Lily 2 Active Smartwatch,299.99,4.8,1500.0,Home Depot,29,Free delivery,,Garmin,0.034482758620689655,Budget
smartwatch,Apple Watch Series 11 Gps Aluminum Case Sport Band,349.99,4.8,13000.0,Best Buy,30,Free delivery by Sun,,Apple,0.03333333333333333,Budget
smartwatch,Women'S Hd Touchscreen Fitness Tracker With Bluetooth Calls,32.99,4.9,159.0,Walmart - Cillso Store,31,Unknown,,Women'S,0.03225806451612903,Budget
smartwatch,Garmin Instinct 3 Solar,349.99,4.7,1900.0,Garmin - United States,32,Free delivery by Tue,,Garmin,0.03125,Budget
smartwatch,Cubitt Terra Rugged Smartwatch,139.95,3.7,3.0,Cubitt,33,Free delivery,,Cubitt,0.030303030303030304,Budget
smartwatch,Tozo S5 Bluetooth Sports Smartwatch,79.99,4.3,184.0,Tozo,34,Free delivery,,Tozo,0.029411764705882353,Budget
smartwatch,Garmin Vivomove Trend Hybrid Smartwatch,299.99,4.2,816.0,Cabela'S,35,Free delivery,,Garmin,0.02857142857142857,Budget
smartwatch,Women'S Smartwatch With Bluetooth Calls And Fitness Tracker,8.77,,,Walmart - Hovilon Home Store,36,Unknown,,Women'S,0.027777777777777776,Budget
smartwatch,Garmin Venu 4 Smartwatch,549.99,4.7,1500.0,Best Buy,37,Unknown,,Garmin,0.02702702702702703,Budget
smartwatch,Amazfit Bip Max,99.99,4.9,183.0,Target,38,Free delivery by Thu,,Amazfit,0.02631578947368421,Budget
smartwatch,Garmin Vivosmart 5,149.99,4.0,2600.0,Home Depot,39,Free delivery,,Garmin,0.02564102564102564,Budget
smartwatch,Google Fitbit Air Fitness Tracker,99.99,4.4,560.0,Google Store,40,Free delivery,,Google,0.025,Budget
tablet,Amazon Fire Hd 10 Tablet,139.99,4.6,1900.0,Best Buy,1,Free delivery by Sun,,Amazon,1.0,Budget
tablet,Amazon Fire Hd 8 Tablet,99.99,4.5,669.0,Target,2,Free delivery by Thu,,Amazon,0.5,Budget
tablet,"Lenovo Tab One 8.7"" Hd Android Tablet",99.99,4.6,696.0,Best Buy,3,Free delivery,,Lenovo,0.3333333333333333,Budget
tablet,Onn. 8.1 Inch Core Tablet,138.0,4.2,66.0,Walmart,4,Free next-day delivery,,Onn.,0.25,Budget
tablet,Apple Ipad Mini,31.25,4.8,5000.0,T-Mobile,5,Free delivery,,Apple,0.2,Budget
tablet,Samsung Galaxy Tab A11+ Tablet,274.0,4.7,3800.0,Best Buy,6,Unknown,,Samsung,0.16666666666666666,Budget
tablet,Apple Ipad,164.89,4.7,15000.0,Walmart - Wireless Source,7,Free delivery,,Apple,0.14285714285714285,Budget
tablet,"Lenovo Tab One 8.7"" Ips 480 Nits",99.99,4.4,103.0,Instacart,8,Unknown,,Lenovo,0.125,Budget
tablet,Tcl Tab 8 Nxtpaper 5G,5.56,2.7,3.0,At&T,9,Free delivery,,Tcl,0.1111111111111111,Budget
tablet,"Lenovo Idea Tab 11"" 2.5K Tablet",299.99,4.8,448.0,Best Buy,10,Free delivery by Sun,,Lenovo,0.1,Budget
tablet,Onn. 7 Inch Core Tablet 64 Gb Android 16 2026 Model,97.0,3.6,174.0,Walmart,11,Free delivery,,Onn.,0.09090909090909091,Budget
tablet,Apple Ipad Wi-Fi,21.52,3.8,623.0,Rent-A-Center,12,Free delivery,,Apple,0.08333333333333333,Budget
tablet,Onn. 11 Inch Core Tablet 2026 Model,167.0,4.3,94.0,Walmart,13,Free next-day delivery,,Onn.,0.07692307692307693,Budget
tablet,Lenovo Idea Tab Plus Tablet,279.0,4.6,392.0,Best Buy,14,Unknown,,Lenovo,0.07142857142857142,Budget
tablet,7Inch Android Tablet With Protective Case,37.98,2.1,41.0,Walmart - Peichengtech,15,Free delivery by Tue,,7Inch,0.06666666666666667,Budget
tablet,"Samsung Galaxy Tab A9 8.7"" Wxga+ Tablet",151.87,4.1,15.0,Best Buy,16,Unknown,,Samsung,0.0625,Budget
tablet,"Lenovo Idea Tab 11"" Android 15 Or Later Tablet",239.99,4.5,142.0,Newegg.Com - Lenovo,17,Free delivery,,Lenovo,0.058823529411764705,Budget
tablet,Brand New Samsung Galaxy Tab A11 64Gb + 4Gb Ram - Wi-Fi Only,133.99,3.6,89.0,Walmart - Hotdeals,18,Free delivery by Tue,,Brand,0.05555555555555555,Budget
tablet,Xiaomi Redmi Pad 2 4G Tablet,177.49,4.9,262.0,Techinn.Com,19,Unknown,,Xiaomi,0.05263157894736842,Budget
tablet,Samsung Galaxy Tab S10 Lite,399.99,4.8,4100.0,Best Buy,20,Unknown,,Samsung,0.05,Budget
tablet,Android Tablet 10 Inch With Case Screen Stylus,59.99,3.6,29.0,Walmart - Novojoy-Xl,21,Free delivery by Tue,,Android,0.047619047619047616,Budget
tablet,Linsay Core 256Gb Storage Android 15 Tablet Case,129.99,3.6,57.0,Staples.Com,22,Unknown,,Linsay,0.045454545454545456,Budget
tablet,Baken Android 12 Tablet 10.1 Inch,59.98,2.9,123.0,Walmart - Boko Tech,23,Free delivery by Tue,,Baken,0.043478260869565216,Budget
tablet,"Lenovo Idea Tab Pro 12.7"" Android 14 Tablet",459.99,4.7,194.0,Best Buy,24,Free delivery by Sun,,Lenovo,0.041666666666666664,Budget
tablet,"Lenovo Tab One 8.7"" Android Tablet",129.99,4.5,30.0,B&H Photo-Video-Audio,25,Free delivery by Tue,,Lenovo,0.04,Budget
tablet,7 Inch Android 14 Tablet,38.99,3.1,24.0,Walmart - Novojoy-Xl,26,Free delivery by Tue,,7,0.038461538461538464,Budget
tablet,Fire Hd 10 Tablet,47.32,5.0,1.0,Glocalzone,27,Unknown,,Fire,0.037037037037037035,Budget
tablet,Apple 13-Inch Ipad Air M4 Chip Wi-Fi,38.89,4.4,1500.0,Best Buy,28,Free delivery,,Apple,0.03571428571428571,Budget
tablet,Android 10 Inch Tablet,53.99,2.7,51.0,Walmart - Coopers Us,29,Free delivery by Tue,,Android,0.034482758620689655,Budget
tablet,Samsung Galaxy Tab S11 Ultra,1899.99,4.8,2900.0,Samsung,30,Free delivery,,Samsung,0.03333333333333333,Budget
tablet,Lenovo Tab K11 Tablet,299.99,4.4,81.0,Lenovo,31,Free delivery,,Lenovo,0.03225806451612903,Budget
tablet,7 Inch Android Tablet,37.99,2.4,175.0,Walmart - Yqsavior Us,32,Free delivery by Tue,,7,0.03125,Budget
tablet,Microsoft Surface Pro Copilot+ Pc,819.0,4.6,702.0,Best Buy,33,Unknown,,Microsoft,0.030303030303030304,Budget
tablet,"Samsung Galaxy Tab S10+ Sm-X820 Tablet - 12.4"" Wqxga+ - Mediatek Dimensity 9300+ [Mt6989] Octa-Core - 12 Gb - 256 Gb Storage - Android 14 - Moonstone",1.0,4.7,2400.0,Beach Audio,34,Unknown,,Samsung,0.029411764705882353,Budget
tablet,Tcl Tab 8 Gen 2 8.7 Inch Hd 64Gb Android 14 Tablet,116.0,4.4,91.0,Walmart,35,Free next-day delivery,,Tcl,0.02857142857142857,Budget
tablet,"Honor Pad 10 12.1"" 8Gb/ 256Gb Octacore Tablet",246.49,4.9,815.0,Techinn.Com,36,Unknown,,Honor,0.027777777777777776,Budget
tablet,"Lenovo Idea Tab 11"" Tablet",199.99,4.4,100.0,Micro Center,37,Unknown,,Lenovo,0.02702702702702703,Budget
tablet,Lenovo Idea Tab Plus Lightweight Tablet,279.99,4.9,8.0,Best Buy,38,Unknown,,Lenovo,0.02631578947368421,Budget
tablet,Bestski 10 Inch Android Tablet,75.59,1.8,12.0,Walmart - Bestski Llc,39,Free delivery by Tue,,Bestski,0.02564102564102564,Budget
tablet,"Samsung Galaxy Tab S11 11"" Tablet",899.99,4.7,1900.0,Samsung,40,Free delivery,,Samsung,0.025,Budget
gaming laptop,"Acemagic - Lx15Pro - 15.6"" Gaming Laptop - Amd Ryzen 5 7430U(6C/12T) - Radeon Rx Vega 8 Graphics -16Gb Memory - 512Gb Nvme Ssd - Gray",429.0,3.5,8.0,Best Buy,1,Unknown,,Acemagic,1.0,Budget
gaming laptop,"Acer Nitro V 15.6"" Core 5 210H Rtx 4050 Laptop",899.0,4.8,83.0,Walmart,2,Free delivery,,Acer,0.5,Budget
gaming laptop,Asus Tuf F17 Gaming Laptop,799.99,,,Staples,3,Free delivery by Wed,,Asus,0.3333333333333333,Budget
gaming laptop,"Asus Rog Zephyrus G16 16"" 2.5K Oled 240Hz Gaming Laptop",1849.99,4.6,241.0,Best Buy,4,Free delivery,,Asus,0.25,Budget
gaming laptop,Msi Thin A15 Gaming Laptop,799.0,3.5,2.0,Msi Online Store,5,Free delivery,,Msi,0.2,Budget
gaming laptop,Dell Alienware 15 Gaming Laptop,899.0,4.6,136.0,Walmart,6,Free delivery,,Dell,0.16666666666666666,Budget
gaming laptop,"Hp - Victus 15.6"" Gaming Laptop,Amd Ryzen 7 7445Hs,Nvidia Geforce Rtx 4050,16Gb Ddr5,1Tb Ssd,Win 11 - Mica Silver",1199.99,4.8,79.0,Best Buy,7,Unknown,,Hp,0.14285714285714285,Budget
gaming laptop,"Razer Blade 18"" Ultra-Thin Gaming Laptop",3499.99,,,Razer.Com,8,Free delivery,,Razer,0.125,Budget
gaming laptop,16.1 Inch Fhd Gaming Laptop,579.69,4.3,6.0,Walmart - Nipogi Official Store,9,Free delivery by Tue,,16.1,0.1111111111111111,Budget
gaming laptop,"Nimo 15.6"" Gaming Laptop",499.0,4.5,40.0,Best Buy,10,Unknown,,Nimo,0.1,Budget
gaming laptop,Asus Rog Strix G16 Gaming Laptop,1649.99,5.0,1.0,Staples,11,Free delivery by Wed,,Asus,0.09090909090909091,Budget
gaming laptop,"Lenovo Legion Pro 7I 16"" Oled Gaming Laptop Intel Core Ultra 9 275Hx",2951.99,4.6,461.0,Lenovo,12,Free delivery,,Lenovo,0.08333333333333333,Budget
gaming laptop,"Hp Omen 16"" Gaming Laptop",1399.99,3.6,35.0,Hp,13,Free delivery,,Hp,0.07692307692307693,Budget
gaming laptop,"Hp Victus 15.6"" Gaming Laptop",1039.0,4.7,1300.0,Best Buy,14,Unknown,,Hp,0.07142857142857142,Budget
gaming laptop,"Asus Tuf Gaming Fx505Dt 15.6"", Gaming Laptop",6.41,5.0,1.0,Glocalzone,15,Unknown,,Asus,0.06666666666666667,Budget
gaming laptop,"Msi Katana 15.6"" Gaming Laptop",1049.99,4.1,49.0,Walmart - Value Tech,16,Free delivery,,Msi,0.0625,Budget
gaming laptop,Acer Nitro V 16S Gaming Laptop,1299.99,5.0,3.0,B&H Photo-Video-Audio,17,Free delivery by Tue,,Acer,0.058823529411764705,Budget
gaming laptop,"Lenovo Loq 15.6"" Gaming Laptop",999.0,4.4,5.0,Best Buy,18,Unknown,,Lenovo,0.05555555555555555,Budget
gaming laptop,Razer Blade 16 Ultra-Thin 16-Inch Amd Gaming Laptop,2399.99,,,Razer.Com,19,Free delivery,,Razer,0.05263157894736842,Budget
gaming laptop,"Hp Omen Gaming Laptop 16"" 2K 144Hz Fhd Ips Display Intel Core Ultra 7 255H",599.6,4.5,30.0,Serigrafia.Eus,20,Unknown,,Hp,0.05,Budget
gaming laptop,Nimo 15.6 Inch Fhd Amd Ryzen 5 6600H Gaming Laptop,529.99,,,"Walmart - Cleamol Co.,Ltd",21,Unknown,,Nimo,0.047619047619047616,Budget
gaming laptop,Gigabyte Gaming A16 Gaming Laptop,1099.99,4.8,24.0,Best Buy,22,Free delivery,,Gigabyte,0.045454545454545456,Budget
gaming laptop,"Asus Rog Strix G18 18"" Fhd+ 144Hz Gaming Laptop",1399.99,,,Staples,23,Free delivery by Wed,,Asus,0.043478260869565216,Budget
gaming laptop,"Acer Nitro V 15 Gaming Laptop 15.6"" Fhd Ips 144Hz Amd 6-Core Ryzen 5 7535Hs 16Gb Ram 512Gb Ssd Geforce Rtx 4050 Backlit Type-C Win11 Icp Hub",36.0,,,Ravir.De,24,Unknown,,Acer,0.041666666666666664,Budget
gaming laptop,Acer Predator Helios Neo Gaming Laptop,1749.99,4.5,4.0,B&H Photo-Video-Audio,25,Free delivery by Tue,,Acer,0.04,Budget
gaming laptop,Hp Omen 15.3' 2K 120Hz Oled Laptop,1058.0,5.0,1.0,Walmart,26,Free delivery,,Hp,0.038461538461538464,Budget
gaming laptop,"Lenovo Loq 15.6"" 2K Gaming Laptop",1259.99,,,Best Buy,27,Free delivery by Sun,,Lenovo,0.037037037037037035,Budget
gaming laptop,Msi Cyborg 14 Gaming Laptop,1164.73,5.0,1.0,Target,28,Free delivery,,Msi,0.03571428571428571,Budget
gaming laptop,Lenovo Legion Pro 5I Gaming Laptop,2097.98,4.7,245.0,Newegg.Com - Dealking,29,Free delivery,,Lenovo,0.034482758620689655,Budget
gaming laptop,Alienware Area-51 Gaming Laptop,2979.99,4.5,458.0,Dell,30,Free delivery,,Alienware,0.03333333333333333,Budget
gaming laptop,Chheart Gaming Laptop,338.88,3.0,4.0,Walmart - Chheart Direct,31,Free delivery by Tue,,Chheart,0.03225806451612903,Budget
gaming laptop,"Acer Nitro V 16"" Wuxga 165Hz Gaming Laptop",1549.99,4.5,13.0,Best Buy,32,Free delivery,,Acer,0.03125,Budget
gaming laptop,"Asus Republic Of Gamers Flow Z13 13.4"" Gaming Laptop",3649.99,5.0,2.0,B&H Photo-Video-Audio,33,Free delivery by Tue,,Asus,0.030303030303030304,Budget
gaming laptop,Msi Cyborg 15 Gaming Laptop,1399.99,,,Altex Electronics,34,Unknown,,Msi,0.029411764705882353,Budget
gaming laptop,New Asus Rog Strix G16 G614Fm Ryzen 9 9955Hx 2.5Ghz 16Gb Ram 1Tb Ssd Rtx 5060,1599.0,4.3,93.0,Walmart - Value Tech,35,Free delivery,,New,0.02857142857142857,Budget
gaming laptop,"Acer Nitro V 15.6"" Gaming Laptop",1099.0,5.0,3.0,Best Buy,36,Unknown,,Acer,0.027777777777777776,Budget
gaming laptop,Dell Alienware Ac16250 Gaming Laptop,1899.99,4.3,886.0,Dell,37,Free delivery by Thu,,Dell,0.02702702702702703,Budget
gaming laptop,"Acer Nitro V 16"" Wuxga Ips Gaming Laptop",1549.99,4.0,1.0,Target,38,Free delivery,,Acer,0.02631578947368421,Budget
gaming laptop,Acer Nitro V Gaming Laptop,999.0,3.4,113.0,Walmart - Better-Buy,39,Free delivery,,Acer,0.02564102564102564,Budget
gaming laptop,"Asus Rog Strix G18 18"" 2.5K 240Hz Gaming Laptop",3299.99,4.4,322.0,Best Buy,40,Free delivery by Sun,,Asus,0.025,Budget
wireless earbuds,Jlab Go Air Pop True Wireless Earbuds,19.99,4.3,32000.0,Best Buy,1,Free delivery on $35+,,Jlab,1.0,Budget
wireless earbuds,Apple Airpods Pro 3,189.99,4.7,21000.0,Target,2,Free delivery by Thu,,Apple,0.5,Budget
wireless earbuds,Jbl Vibe Buds True Wireless Earbuds,24.95,4.1,1200.0,Walmart - Jbl Official Store,3,Free delivery,,Jbl,0.3333333333333333,Budget
wireless earbuds,Soundcore Liberty 5 By Anker Noise Cancelling Wireless Earbuds,89.98,4.7,1200.0,Soundcore Us,4,Free delivery,,Soundcore,0.25,Budget
wireless earbuds,Bose Quietcomfort Earbuds,149.0,4.2,4800.0,Lenovo,5,Free delivery,,Bose,0.2,Budget
wireless earbuds,Sony Wf-C510 Truly Wireless Earbuds,48.0,4.7,4500.0,Best Buy,6,Unknown,,Sony,0.16666666666666666,Budget
wireless earbuds,Beats Powerbeats Pro 2 Wireless Earbuds,199.95,4.2,4200.0,B&H Photo-Video-Audio,7,Free delivery by Tue,,Beats,0.14285714285714285,Budget
wireless earbuds,Jlab Go Air Pop True Wireless Earbuds,24.99,4.5,7900.0,Jlab,8,Unknown,,Jlab,0.125,Budget
wireless earbuds,Qcy Melobuds A30 Wireless Earbuds 60Db Adaptive Ai Scene Anc 8-Mic 3-Device Connect Bluetooth,32.99,4.5,35.0,Qcy,9,Free delivery,,Qcy,0.1111111111111111,Budget
wireless earbuds,Sennheiser Accentum True Wireless Earbuds,219.95,4.3,94.0,Sennheiser Consumer Audio Us,10,Free delivery by Wed,,Sennheiser,0.1,Budget
wireless earbuds,Google Pixel Buds 2A Wireless Earbuds,99.0,4.6,698.0,Best Buy,11,Free delivery by Sun,,Google,0.09090909090909091,Budget
wireless earbuds,Jbl Vibe Flex 2,39.88,3.8,446.0,Walmart,12,Free next-day delivery,,Jbl,0.08333333333333333,Budget
wireless earbuds,Airpods 4 Apple,99.0,4.5,55000.0,Northern Arizona University Bookstore,13,Unknown,,Airpods,0.07692307692307693,Budget
wireless earbuds,Bowers & Wilkins Pi8 True Wireless Earbuds,499.0,4.6,2300.0,Sweetwater,14,Free delivery by Wed,,Bowers,0.07142857142857142,Budget
wireless earbuds,Skullcandy Dime Evo Wireless Earbuds,34.99,4.4,421.0,Best Buy,15,Unknown,,Skullcandy,0.06666666666666667,Budget
wireless earbuds,Beats Powerbeats Fit Wireless Earbuds,169.99,4.3,605.0,Target,16,Free delivery by Thu,,Beats,0.0625,Budget
wireless earbuds,Oneplus Buds 3 Pro,179.99,4.8,769.0,Oneplus Official Store,17,Free delivery,,Oneplus,0.058823529411764705,Budget
wireless earbuds,Jlab Go Pop Anc True Wireless Earbuds,19.99,4.4,5500.0,Lenovo,18,Free delivery,,Jlab,0.05555555555555555,Budget
wireless earbuds,Probuds V2 True Wireless Bluetooth Earbuds,19.98,4.7,2200.0,Walmart,19,Next-day delivery $7,,Probuds,0.05263157894736842,Budget
wireless earbuds,Ilive Truly Wireless Earbuds,19.99,4.3,5700.0,Dick'S Sporting Goods,20,Unknown,,Ilive,0.05,Budget
wireless earbuds,Jbl Vibe Buds 2 True Wireless Noise Cancelling Earbuds,29.95,3.9,508.0,Best Buy,21,Free delivery on $35+,,Jbl,0.047619047619047616,Budget
wireless earbuds,Soundcore P31I Wireless Earbuds,49.99,4.8,1400.0,Soundcore Na,22,Free delivery,,Soundcore,0.045454545454545456,Budget
wireless earbuds,Raycon The Fitness True Wireless Bluetooth Earbuds With Microphone And Charging Case,95.98,4.4,58000.0,Raycon,23,Free delivery,,Raycon,0.043478260869565216,Budget
wireless earbuds,Bose Quietcomfort Ultra Wireless Noise Cancelling Earbuds,249.0,4.5,2500.0,Sweetwater,24,Free delivery by Wed,,Bose,0.041666666666666664,Budget
wireless earbuds,Visound Air Ultra-Light Earbuds,59.0,4.9,134.0,Vionb,25,Free delivery,,Visound,0.04,Budget
wireless earbuds,Samsung Galaxy Buds3 Fe,116.99,4.4,23000.0,Best Buy,26,Unknown,,Samsung,0.038461538461538464,Budget
wireless earbuds,Heyday True Wireless Bluetooth Sweat Resistant Earbuds,18.0,3.1,243.0,Target,27,Free delivery on $35+,,Heyday,0.037037037037037035,Budget
wireless earbuds,Creative Zen Air Plus Wireless Earphones,34.99,3.6,105.0,Lenovo,28,Free delivery,,Creative,0.03571428571428571,Budget
wireless earbuds,Sentry True Wireless Earbuds,24.99,3.3,14.0,Boscov'S,29,Unknown,,Sentry,0.034482758620689655,Budget
wireless earbuds,Jlab Go Pods Anc True Wireless Earbuds,24.99,4.6,2300.0,Jlab,30,Free delivery by Wed,,Jlab,0.03333333333333333,Budget
wireless earbuds,Skullcandy Dime 3 True Wireless Earbuds,24.99,4.2,6600.0,Best Buy,31,Free delivery on $35+,,Skullcandy,0.03225806451612903,Budget
wireless earbuds,Rca Wave-66 True Wireless Earbuds,29.99,3.5,4.0,Macy'S,32,Unknown,,Rca,0.03125,Budget
wireless earbuds,Sennheiser Momentum True Wireless 4 Earbuds,217.95,4.4,3000.0,B&H Photo-Video-Audio,33,Free delivery by Tue,,Sennheiser,0.030303030303030304,Budget
wireless earbuds,Cambridge Audio Melomania A100 True Wireless Earbuds,99.0,4.5,378.0,Sweetwater,34,Free delivery by Wed,,Cambridge,0.029411764705882353,Budget
wireless earbuds,Soundcore By Anker Liberty 4 Nc Wireless Earbuds,79.99,4.7,6600.0,Soundcore Us,35,Free delivery,,Soundcore,0.02857142857142857,Budget
wireless earbuds,Earfun Clip 2 Wireless Earbuds,79.99,4.8,77.0,Earfun,36,Free delivery,,Earfun,0.027777777777777776,Budget
wireless earbuds,Jlab Go Air Sport True Wireless Earbuds,24.74,4.1,17000.0,Best Buy,37,Unknown,,Jlab,0.02702702702702703,Budget
wireless earbuds,Treblab X3 Pro True Wireless Earbuds,59.99,4.7,40.0,Treblab,38,Free delivery by Thu,,Treblab,0.02631578947368421,Budget
wireless earbuds,Jlab Jbuds Sport Anc 4 True Wireless Earbuds,59.99,4.5,6300.0,Jlab,39,Unknown,,Jlab,0.02564102564102564,Budget
wireless earbuds,Sony Wf-C710N Wireless Noise Canceling Earbuds,88.0,4.4,3200.0,Sweetwater,40,Free delivery by Wed,,Sony,0.025,Budget
bluetooth speaker,Jbl Go 4 Portable Bluetooth Speaker,39.99,4.8,21000.0,Best Buy,1,Unknown,,Jbl,1.0,Budget
bluetooth speaker,Soundcore Boom 2 Portable Bluetooth Speaker,89.99,4.8,55.0,Target,2,Free delivery by Thu,,Soundcore,0.5,Budget
bluetooth speaker,Ilive Tailgate Party Speaker,54.89,4.0,44.0,Home Depot,3,Free delivery by Tue,,Ilive,0.3333333333333333,Budget
bluetooth speaker,Sony Xb100 Portable Bluetooth Speaker,43.0,4.7,10000.0,Best Buy,4,Free delivery by Sun,,Sony,0.25,Budget
bluetooth speaker,Bose Soundlink Home Bluetooth Speaker,142.99,4.6,267.0,Costco.Com,5,Free delivery,,Bose,0.2,Budget
bluetooth speaker,Jbl Charge 6 Portable Waterproof Bluetooth Speaker,129.95,4.8,8800.0,Woot,6,Free delivery,,Jbl,0.16666666666666666,Budget
bluetooth speaker,Jbl Go 5 Portable Bluetooth Speaker,44.95,4.9,2200.0,Micro Center,7,Unknown,,Jbl,0.14285714285714285,Budget
bluetooth speaker,Onn Rugged Speaker With Led Lighting,34.88,4.4,1600.0,Walmart,8,Unknown,,Onn,0.125,Budget
bluetooth speaker,Jlab Go Party Portable Bluetooth Speaker,24.74,4.8,2200.0,Best Buy,9,Unknown,,Jlab,0.1111111111111111,Budget
bluetooth speaker,Rechargeable Battery Bluetooth Speaker,9.99,3.9,34.0,Target,10,Free delivery on $35+,,Rechargeable,0.1,Budget
bluetooth speaker,Jbl Grip Portable Bluetooth Speaker,79.95,4.5,979.0,Home Depot,11,Free delivery,,Jbl,0.09090909090909091,Budget
bluetooth speaker,Marshall Emberton Iii Portable Bluetooth Speaker,179.99,4.9,3000.0,Sweetwater,12,Free delivery by Wed,,Marshall,0.08333333333333333,Budget
bluetooth speaker,Anker Soundcore 2 Portable Bluetooth Speaker,29.99,4.5,93.0,Walmart - Ankerdirect,13,Unknown,,Anker,0.07692307692307693,Budget
bluetooth speaker,Jbl Clip 5 Portable Bluetooth Speaker,69.95,4.7,7300.0,Best Buy,14,Unknown,,Jbl,0.07142857142857142,Budget
bluetooth speaker,Ikea Kallsup Portable Bluetooth Speaker,9.99,4.5,386.0,Ikea,15,Unknown,,Ikea,0.06666666666666667,Budget
bluetooth speaker,"Befree Sound 15"" Bluetooth Portable Rechargeable Party Speaker",95.87,4.0,31.0,Home Depot,16,Free delivery,,Befree,0.0625,Budget
bluetooth speaker,Soundcore Boom 2 Plus Outdoor Bass Bluetooth Speaker,169.98,4.8,432.0,Soundcore Us,17,Free delivery,,Soundcore,0.058823529411764705,Budget
bluetooth speaker,Soundcore By Anker Select 4 Go Bluetooth Speaker,23.99,4.9,9000.0,Target,18,Free delivery on $35+,,Soundcore,0.05555555555555555,Budget
bluetooth speaker,Jbl Flip 7 Portable Waterproof Bluetooth Speaker,129.95,4.4,858.0,Best Buy,19,Unknown,,Jbl,0.05263157894736842,Budget
bluetooth speaker,Klipsch Gig Xxl Bluetooth Wireless Party Speaker,79.99,4.6,136.0,Walmart - Electronic Express,20,Free delivery,,Klipsch,0.05,Budget
bluetooth speaker,Tribit Stormbox Mini+ 12W Bluetooth Speaker,33.99,4.9,1100.0,Xtremeinn.Com,21,Unknown,,Tribit,0.047619047619047616,Budget
bluetooth speaker,Jbl Flip 6 Bluetooth Portable Waterproof Speaker,84.99,4.6,11000.0,"Newegg.Com - Simple Cell, Inc",22,Free delivery,,Jbl,0.045454545454545456,Budget
bluetooth speaker,Bose Soundlink Flex Portable Bluetooth Speaker,139.0,4.8,6100.0,Best Buy,23,Unknown,,Bose,0.043478260869565216,Budget
bluetooth speaker,Dpi Waterproof Bluetooth Speaker,14.99,3.3,227.0,Target,24,Free delivery on $35+,,Dpi,0.041666666666666664,Budget
bluetooth speaker,Jlab Pop Party Bluetooth Portable Speaker,24.99,4.7,823.0,Home Depot,25,Free delivery,,Jlab,0.04,Budget
bluetooth speaker,Altec Lansing Hydratrek Magnetic Bluetooth Speaker,19.99,4.4,90.0,Walmart,26,Unknown,,Altec,0.038461538461538464,Budget
bluetooth speaker,Beats Bluetooth Pill Portable Speaker Wireless,99.99,4.6,5100.0,Bj'S Wholesale Club,27,Free delivery,,Beats,0.037037037037037035,Budget
bluetooth speaker,Jbl Flip 7 Bluetooth Portable Waterproof Speaker,129.95,4.7,6500.0,Best Buy,28,Unknown,,Jbl,0.03571428571428571,Budget
bluetooth speaker,Marshall Acton Iii Bluetooth Speaker,299.99,4.8,3300.0,Belk,29,Free delivery,,Marshall,0.034482758620689655,Budget
bluetooth speaker,Soundcore Rave 3S Karaoke Party Speaker,299.99,4.9,170.0,Soundcore Us,30,Free delivery,,Soundcore,0.03333333333333333,Budget
bluetooth speaker,Ion Glow Tone Bluetooth Speaker,76.0,4.5,28.0,Walmart,31,Free delivery,,Ion,0.03225806451612903,Budget
bluetooth speaker,Jumbo Hifi Retro Vintage Wireless Stereo Speaker,39.99,3.5,2.0,Kohl'S,32,Unknown,,Jumbo,0.03125,Budget
bluetooth speaker,Ultimate Ears Megaboom 4 Bluetooth Speaker,215.99,4.7,512.0,Best Buy,33,Unknown,,Ultimate,0.030303030303030304,Budget
bluetooth speaker,House Of Marley Jammin Bluetooth Speaker,24.56,4.6,14.0,Home Depot,34,Free delivery,,House,0.029411764705882353,Budget
bluetooth speaker,Turtlebox Speaker Ranger,250.0,4.6,2900.0,Dick'S Sporting Goods,35,Unknown,,Turtlebox,0.02857142857142857,Budget
bluetooth speaker,Logitech Z207 Bluetooth,69.99,4.4,1400.0,Micro Center,36,Unknown,,Logitech,0.027777777777777776,Budget
bluetooth speaker,Oumilen Portable Bluetooth Speakers,16.29,,,Walmart,37,Unknown,,Oumilen,0.02702702702702703,Budget
bluetooth speaker,Edifier Es20 Bluetooth Portable Speaker,59.99,4.9,318.0,Best Buy,38,Free delivery,,Edifier,0.02631578947368421,Budget
bluetooth speaker,Jbl Partybox 330 Portable Party Speaker,629.95,4.9,199.0,Jbl.Com,39,Free delivery,,Jbl,0.02564102564102564,Budget
bluetooth speaker,"Pyle 5.25"" Portable Wireless Bluetooth Speaker",64.99,,,Macy'S,40,Free delivery by Thu,,Pyle,0.025,Budget
camera,Kodak Pixpro Fz55 Digital Camera,139.99,4.6,2700.0,B&H Photo-Video-Audio,1,Free delivery by Tue,,Kodak,1.0,Budget
camera,Canon Eos R6 Mark Ii Mirrorless Camera,1999.99,4.8,2400.0,Lowe'S,2,Free delivery by Wed,,Canon,0.5,Budget
camera,Sony Alpha A7 Iii Mirrorless 4K Video Camera,1029.0,4.7,5000.0,Mpb,3,Free delivery,,Sony,0.3333333333333333,Budget
camera,Canon Powershot G7 X Mark Iii Digital Camera,879.0,4.5,2500.0,Bedford Camera & Video,4,Free delivery,,Canon,0.25,Budget
camera,Nikon D7500 Dslr Camera,696.95,4.8,3500.0,Crutchfield,5,Free delivery by Tue,,Nikon,0.2,Budget
camera,Sony Alpha A6100 Mirrorless Digital Camera,948.0,4.9,243.0,Adorama,6,Free delivery by Tue,,Sony,0.16666666666666666,Budget
camera,Canon Powershot Elph 360 Hs A Digital Camera,379.99,4.6,206.0,Canon,7,Unknown,,Canon,0.14285714285714285,Budget
camera,Dji Osmo Pocket 3 Camera,399.0,4.8,1700.0,Glazer'S Camera,8,Unknown,,Dji,0.125,Budget
camera,Om Digital Solutions Om-1 Mark Ii Mirrorless Camera,1569.0,4.8,186.0,Mpb,9,Free delivery,,Om,0.1111111111111111,Budget
camera,Leica D-Lux 8 Digital Camera,1915.0,4.7,153.0,B&H Photo-Video-Audio,10,Free delivery by Tue,,Leica,0.1,Budget
camera,Fujifilm X-T5 Mirrorless Camera,2289.0,4.8,284.0,Walmart - Revel Commerce,11,Free delivery,,Fujifilm,0.09090909090909091,Budget
camera,Panasonic Lumix S5Ii Mirrorless Camera,1697.99,4.8,160.0,Shop Panasonic Usa,12,Free delivery,,Panasonic,0.08333333333333333,Budget
camera,Sony Alpha A6700 Mirrorless Camera With 18-135Mm Lens,1898.0,4.7,305.0,Best Buy,13,Unknown,,Sony,0.07692307692307693,Budget
camera,Canon Eos R50 Mirrorless Camera,729.0,4.8,2800.0,Macy'S,14,Free delivery by Thu,,Canon,0.07142857142857142,Budget
camera,Sony Alpha Zv-E10 Ii Mirrorless Camera,934.3,4.7,417.0,Excellentphoto.Ca,15,Unknown,,Sony,0.06666666666666667,Budget
camera,Camp Snap Pro Digital Camera,99.0,5.0,3.0,Glazer'S Camera,16,Unknown,,Camp,0.0625,Budget
camera,Nikon D5100 Digital Camera,107.0,4.6,226.0,Mpb,17,Free delivery,,Nikon,0.058823529411764705,Budget
camera,Kodak Pixpro C1 Digital Camera,99.99,4.4,397.0,B&H Photo-Video-Audio,18,Free delivery by Tue,,Kodak,0.05555555555555555,Budget
camera,Sony Alpha A6700 Mirrorless Camera,1598.0,4.8,27.0,Nelson Photo & Video,19,Free delivery,,Sony,0.05263157894736842,Budget
camera,Sony Alpha A6400 Mirrorless Camera,1098.0,4.7,1200.0,Best Buy,20,Unknown,,Sony,0.05,Budget
camera,Sony Alpha A7 V Mirrorless Camera,2898.0,4.9,179.0,Newegg.Com - Datavision,21,Free delivery,,Sony,0.047619047619047616,Budget
camera,Nikon Z50 Ii Mirrorless Camera,1396.95,4.7,204.0,Pictureline,22,Free delivery,,Nikon,0.045454545454545456,Budget
camera,Canon Eos R8 Mirrorless Camera With Rf 24-50Mm F4.5-6.3 Is Stm Lens,1395.0,4.7,446.0,Willoughby'S Photo Emporium,23,Free delivery by Thu,,Canon,0.043478260869565216,Budget
camera,Sony Alpha A7R Ii Mirrorless Digital Camera,759.0,4.7,1100.0,Mpb,24,Free delivery,,Sony,0.041666666666666664,Budget
camera,Yashica Tank Compact Digital Camera,99.99,4.6,37.0,K&M Camera,25,Free delivery,,Yashica,0.04,Budget
camera,Gopro Hero13 Black Action Camera Bundle,409.99,4.7,647.0,Best Buy,26,Free delivery by Sun,,Gopro,0.038461538461538464,Budget
camera,Panasonic Lumix G100D Mirrorless Camera,647.99,5.0,1.0,Shop Panasonic Usa,27,Free delivery,,Panasonic,0.037037037037037035,Budget
camera,Canon Eos R100 Mirrorless Camera With 18-45Mm And 55-210Mm Lens,799.0,4.7,191.0,District Camera,28,Free delivery,,Canon,0.03571428571428571,Budget
camera,Canon Powershot V10 Vlog Camera,323.19,4.5,280.0,Aden Camera,29,Unknown,,Canon,0.034482758620689655,Budget
camera,Dji Osmo Action 6 Adventure Camera Combo,536.99,4.7,54.0,Micro Center,30,Unknown,,Dji,0.03333333333333333,Budget
camera,Nikon Z5 Ii Mirrorless Camera With 24-50Mm F/4-6.3 Lens,1896.95,4.9,78.0,Walmart - Beach Camera,31,Free delivery,,Nikon,0.03225806451612903,Budget
camera,Canon Eos Rebel T7 Camera,529.99,4.7,8200.0,Canon,32,Unknown,,Canon,0.03125,Budget
camera,Fujifilm X-S20 Mirrorless Camera,1366.9,4.8,396.0,Excellentphoto.Ca,33,Unknown,,Fujifilm,0.030303030303030304,Budget
camera,Canon Eos R6 Mark Ii Mirrorless Camera With 24-105Mm F/4 L Is Usm Lens,2675.0,4.8,499.0,Quality Rated Products,34,Free delivery by Mon,,Canon,0.029411764705882353,Budget
camera,Canon Eos R6 Mark Iii Mirrorless Camera With Rf 24-105Mm F4-7.1 Is Stm Lens,3149.0,4.7,83.0,Best Buy,35,Free delivery by Sun,,Canon,0.02857142857142857,Budget
camera,Om System Om-5 Mark Ii Mirrorless Camera,1199.99,4.8,50.0,Adorama,36,Free delivery by Tue,,Om,0.027777777777777776,Budget
camera,Sony A7Cr Mirrorless Camera,2921.95,4.7,119.0,B&H Used Store,37,Free delivery by Mon,,Sony,0.02702702702702703,Budget
camera,Nikon Z8 Mirrorless Camera With 24-120Mm F/4 S Lens,4296.95,4.9,67.0,District Camera,38,Free delivery,,Nikon,0.02631578947368421,Budget
camera,Panasonic Lumix S9 Mirrorless Camera With 18-40Mm F Lens,1797.99,4.8,82.0,Walmart - Focus Camera,39,Free delivery,,Panasonic,0.02564102564102564,Budget
camera,Hasselblad 907X 50C Optics,4829.0,4.7,39.0,Mpb,40,Free delivery,,Hasselblad,0.025,Budget
